159294915478,Pager duty during back-to-back SEV 1 incidents,http://lifeofasoftwareengineer.tumblr.com/post/159294915478/pager-duty-during-back-to-back-sev-1-incidents,http://i.imgur.com/IEbxtAF.gif,1
159234956448,When you have to triage hundreds of unit test failures,http://lifeofasoftwareengineer.tumblr.com/post/159234956448/when-you-have-to-triage-hundreds-of-unit-test,https://media.giphy.com/media/fcEQaKl4KTtrq/giphy.gif,1
155440169213,When someone across the company breaks something you own,http://lifeofasoftwareengineer.tumblr.com/post/155440169213/when-someone-across-the-company-breaks-something,http://i.imgur.com/hhotiFH.gif,8
153180726293,Why my regexes fail,http://lifeofasoftwareengineer.tumblr.com/post/153180726293/why-my-regexes-fail,http://i.imgur.com/eLhgsFM.gif,2
152700972298,Scariest pumpkin of them all,http://lifeofasoftwareengineer.tumblr.com/post/152700972298/scariest-pumpkin-of-them-all,https://68.media.tumblr.com/3feae232d942ba728fac2796b4e7056c/tumblr_inline_og36l4ieZ01qzjm79_540.png,18
152697875683,Getting code reviews that only change whitespace,http://lifeofasoftwareengineer.tumblr.com/post/152697875683/getting-code-reviews-that-only-change-whitespace,http://i.imgur.com/2xzOSUO.gif,4
152697787893,The lead software engineer at the end of the day,http://lifeofasoftwareengineer.tumblr.com/post/152697787893/the-lead-software-engineer-at-the-end-of-the-day,http://i.imgur.com/1mocbuL.gif,13
144470894353,The lead software engineer at the end of the day,http://lifeofasoftwareengineer.tumblr.com/post/144470894353,http://i.imgur.com/qv3pCLt.png,9
144470850473,The lead software engineer at the end of the day,http://lifeofasoftwareengineer.tumblr.com/post/144470850473,http://i.imgur.com/1zJRI9q.png,14
144470759463,Motto of the senior engineer,http://lifeofasoftwareengineer.tumblr.com/post/144470759463/motto-of-the-senior-engineer,https://dl.dropboxusercontent.com/u/113994/silly/31020162107139.jpg,12
144470687798,Shipping a really old feature branch,http://lifeofasoftwareengineer.tumblr.com/post/144470687798/shipping-a-really-old-feature-branch,https://media.giphy.com/media/143vPc6b08locw/giphy.gif,3
142037100868,Every time I try to configure Xcode build settings,http://lifeofasoftwareengineer.tumblr.com/post/142037100868/every-time-i-try-to-configure-xcode-build-settings,https://media.giphy.com/media/VHbEKAhVt3GDe/giphy.gif,7
140633923623,Essential Reading.,http://lifeofasoftwareengineer.tumblr.com/post/140633923623/essential-reading,https://68.media.tumblr.com/880aa75b3475f8e10cb105ac968944ef/tumblr_inline_o3ogb94SFC1qzjm79_540.jpg,40
139915427028,How I feel using Google Analytics Realtime to watch a user navigate my site,http://lifeofasoftwareengineer.tumblr.com/post/139915427028/how-i-feel-using-google-analytics-realtime-to,https://media.giphy.com/media/6lYksdF4pZ2NO/giphy-downsized-large.gif,12
139707031278,Web Development with Assembly,http://lifeofasoftwareengineer.tumblr.com/post/139707031278/web-development-with-assembly,http://imgur.com/xWPC26m.png,11
139573985863,Memory leaks with video streams,http://lifeofasoftwareengineer.tumblr.com/post/139573985863/memory-leaks-with-video-streams,http://i.imgur.com/feYW4bv.gif,8
139573840673,The way of all projects,http://lifeofasoftwareengineer.tumblr.com/post/139573840673/the-way-of-all-projects,http://i.imgur.com/92Ep7Yd.png,11
139456327038,What I try to tell myself after a rough review,http://lifeofasoftwareengineer.tumblr.com/post/139456327038/what-i-try-to-tell-myself-after-a-rough-review,http://i.imgur.com/4jq38pt.jpg,15
139456230193,Programming in a Nutshell,http://lifeofasoftwareengineer.tumblr.com/post/139456230193/programming-in-a-nutshell,http://i.imgur.com/JMfvmzM.png,27
139177400968,Whenever the senior engineer sends me an IM,http://lifeofasoftwareengineer.tumblr.com/post/139177400968/whenever-the-senior-engineer-sends-me-an-im,http://i.imgur.com/AeOGHk9.gif,8
139177351838,Pretty Accurate,http://lifeofasoftwareengineer.tumblr.com/post/139177351838/pretty-accurate,http://i.imgur.com/0vclLjO.png,25
139177264808,The secret ingredient of Ruby,http://lifeofasoftwareengineer.tumblr.com/post/139177264808/the-secret-ingredient-of-ruby,http://i.imgur.com/YsbKHg1.gif,10
139177224678,When your code review gets blocked because you added whitespace,http://lifeofasoftwareengineer.tumblr.com/post/139177224678/when-your-code-review-gets-blocked-because-you,http://i.imgur.com/Ti2MdcE.gif,2
139177157668,The State of Web Accessibility Today,http://lifeofasoftwareengineer.tumblr.com/post/139177157668/the-state-of-web-accessibility-today,http://i.imgur.com/WyGFMNi.gif,8
135805130368,Last day of an internship,http://lifeofasoftwareengineer.tumblr.com/post/135805130368/last-day-of-an-internship,http://i.imgur.com/OpxCzd7.gif,10
134741372033,After another dev critiques your feature in a company demo,http://lifeofasoftwareengineer.tumblr.com/post/134741372033/after-another-dev-critiques-your-feature-in-a,https://68.media.tumblr.com/4b6086a09a7fd41425efdc708037695e/tumblr_mm78axv9iY1qifm00o1_500.gif,7
134396865835,"Trying out an unknown, yet promising new API",http://lifeofasoftwareengineer.tumblr.com/post/134396865835/trying-out-an-unknown-yet-promising-new-api,http://www.gifbin.com/bin/092015/1441643020_cat_jumps_in_bath_tub_instantly_regrets_it.gif,6
134335907188,"Trying out an unknown, yet promising new API",http://lifeofasoftwareengineer.tumblr.com/post/134335907188/how-managers-expect-us-to-switch-projects,http://www.gifbin.com/bin/052015/1432232062_pat.gif,14
134308393238,Granting other teams access to private API,http://lifeofasoftwareengineer.tumblr.com/post/134308393238/granting-other-teams-access-to-private-api,http://i.imgur.com/ep6wyZ1.gif,7
129007584888,"Stuck on the one problem for hours and someone else says, ""Here, let me have a go...""",http://lifeofasoftwareengineer.tumblr.com/post/129007584888/stuck-on-the-one-problem-for-hours-and-someone,http://www.gifbin.com/bin/012011/1294922845_zidane-pool-trickshot.gif,19
128297130198,Accidentally pushing to production,http://lifeofasoftwareengineer.tumblr.com/post/128297130198/accidentally-pushing-to-production,http://i.imgur.com/hY9eXEY.gif,11
128293603803,When I eventually get it working and bring my manager over for a demo,http://lifeofasoftwareengineer.tumblr.com/post/128293603803/when-i-eventually-get-it-working-and-bring-my,http://www.gifbin.com/bin/032012/1333652083_apartment_building_collapses.gif,8
127671713158,After a rough code review,http://lifeofasoftwareengineer.tumblr.com/post/127671713158/after-a-rough-code-review,http://i.imgur.com/0ObkG6s.gif,14
127517165013,When someone gets ObjC block syntax right on the first try,http://lifeofasoftwareengineer.tumblr.com/post/127517165013/when-someone-gets-objc-block-syntax-right-on-the,http://i.imgur.com/3kfvN8P.gif,8
127516923463,Real-life debugging,http://lifeofasoftwareengineer.tumblr.com/post/127516923463/real-life-debugging,http://imgur.com/uttsdd0.png,15
122806463378,When we realize that we actually *did* ship with that bug,http://lifeofasoftwareengineer.tumblr.com/post/122806463378/when-we-realize-that-we-actually-did-ship-with,http://i.imgur.com/i3eVTJm.gif,8
119845974945,Whenever a headhunter cold calls you,http://lifeofasoftwareengineer.tumblr.com/post/119845974945/whenever-a-headhunter-cold-calls-you,http://i.imgur.com/5dXFx43.gif,10
119598721983,Whenever I rip out hacky workarounds,http://lifeofasoftwareengineer.tumblr.com/post/119598721983/whenever-i-rip-out-hacky-workarounds,http://i.imgur.com/7mkfi.gif,11
119540103553,The morning after being on call,http://lifeofasoftwareengineer.tumblr.com/post/119540103553/the-morning-after-being-on-call,http://i.imgur.com/Ivc4gYM.gif,8
119473503228,When somebody breaks the build you just fixed,http://lifeofasoftwareengineer.tumblr.com/post/119473503228/when-somebody-breaks-the-build-you-just-fixed,http://i.imgur.com/F3MxaC7.gif,8
119117522863,When the git clone finishes,http://lifeofasoftwareengineer.tumblr.com/post/119117522863/when-the-git-clone-finishes,http://i.imgur.com/cbJaNeM.gif,19
118777133993,MRW the API I was relying on gets deprecated,http://lifeofasoftwareengineer.tumblr.com/post/118777133993/mrw-the-api-i-was-relying-on-gets-deprecated,http://i.imgur.com/8G3VgGD.gif,12
118692978113,Asking builders to delay pushing to production,http://lifeofasoftwareengineer.tumblr.com/post/118692978113/asking-builders-to-delay-pushing-to-production,http://i.imgur.com/szJTM0o.gif,10
118440566507,When management asks you how accurate your estimates are,http://lifeofasoftwareengineer.tumblr.com/post/118440566507/when-management-asks-you-how-accurate-your,http://i.imgur.com/2KnoCws.gif,25
118363822682,How I feel when the IDE generates code for me,http://lifeofasoftwareengineer.tumblr.com/post/118363822682/how-i-feel-when-the-ide-generates-code-for-me,http://i.imgur.com/H5QG58r.gif,8
118304789963,Asking the senior engineer about the legacy codebase,http://lifeofasoftwareengineer.tumblr.com/post/118304789963/asking-the-senior-engineer-about-the-legacy,http://i.imgur.com/aYlNumW.gif,36
117720339833,Pushing the huge patch,http://lifeofasoftwareengineer.tumblr.com/post/117720339833/pushing-the-huge-patch,http://i.imgur.com/eLtgUH8.gif,16
115899259318,Prototyping,http://lifeofasoftwareengineer.tumblr.com/post/115899259318/prototyping,http://img.brainjet.com/slides/5/8/7/2/9/8/587298721/8632eaf67f4038a1200d3512f2ee9b4b13acb013.jpeg,5
115899027283,"Asked the Senior Engineer for advice on javascript promises, he replied:",http://lifeofasoftwareengineer.tumblr.com/post/115899027283/asked-the-senior-engineer-for-advice-on-javascript,http://i.imgur.com/0L7cqTB.gif,3
115325914853,I think I fixed it guys,http://lifeofasoftwareengineer.tumblr.com/post/115325914853/i-think-i-fixed-it-guys,http://i.imgur.com/BvIJ1M5.gif,39
115125569543,First pass at refactoring,http://lifeofasoftwareengineer.tumblr.com/post/115125569543/first-pass-at-refactoring,http://i.imgur.com/UWpSqDJ.gif,9
113751777098,The Core,http://lifeofasoftwareengineer.tumblr.com/post/113751777098/the-core,http://I.imgur.com/MHblX5c.gif,17
113252804698,"""How to Program""",http://lifeofasoftwareengineer.tumblr.com/post/113252804698/how-to-program,http://i.imgur.com/gcAzKLh.png,38
113252321068,Finding a new git submodule in the repo,http://lifeofasoftwareengineer.tumblr.com/post/113252321068/finding-a-new-git-submodule-in-the-repo,https://68.media.tumblr.com/496c035818609abbce7fa4ad2728cfa9/tumblr_inline_nl001jWwhq1qzjm79.gif,10
113252044878,git gc,http://lifeofasoftwareengineer.tumblr.com/post/113252044878/git-gc,https://68.media.tumblr.com/3949f697cff2eaf1594456ff7d6b4260/tumblr_inline_nkzzqzIS0f1qzjm79.jpg,7
112700508043,Pushing a fix for a build break before CI notices,http://lifeofasoftwareengineer.tumblr.com/post/112700508043/pushing-a-fix-for-a-build-break-before-ci-notices,https://68.media.tumblr.com/41fcb7c3674517c3cc7d0ab2c9c9f355/tumblr_inline_nkp3czYk8E1qzjm79.gif,9
111957221478,I'll just fix this one thing in the legacy project,http://lifeofasoftwareengineer.tumblr.com/post/111957221478/ill-just-fix-this-one-thing-in-the-legacy-project,https://68.media.tumblr.com/04807dd75132480d0c26cbcc09f85d3e/tumblr_inline_nka8ecIHdq1qzjm79.gif,11
110078076038,MRW I finish the CSS and then open the page in IE,http://lifeofasoftwareengineer.tumblr.com/post/110078076038/mrw-i-finish-the-css-and-then-open-the-page-in-ie,https://68.media.tumblr.com/202e4abc10d944cc46590250e6a87c00/tumblr_inline_nj9b52p9YL1qzjm79.gif,28
110016982808,Meeting the Senior Engineer,http://lifeofasoftwareengineer.tumblr.com/post/110016982808/meeting-the-senior-engineer,https://68.media.tumblr.com/fe2c860adabe145c24a678a4c59c6d4f/tumblr_inline_nj7z2rg9B71qzjm79.gif,20
108848181963,Complaining to devs about a unit test failure,http://lifeofasoftwareengineer.tumblr.com/post/108848181963/complaining-to-devs-about-a-unit-test-failure,http://i.imgur.com/m5fZJsr.gif,9
108176735238,When you realize what caused the bug,http://lifeofasoftwareengineer.tumblr.com/post/108176735238/when-you-realize-what-caused-the-bug,http://i.imgur.com/EstDCaF.gif,11
108005590508,Manipulating app state in the debugger,http://lifeofasoftwareengineer.tumblr.com/post/108005590508/manipulating-app-state-in-the-debugger,http://i.imgur.com/x2oEXAf.gif,7
107898279223,Whenever a process is preventing my workstation from rebooting,http://lifeofasoftwareengineer.tumblr.com/post/107898279223/whenever-a-process-is-preventing-my-workstation,http://i.imgur.com/DLhnITq.gif,18
107460604603,rm -rf /,http://lifeofasoftwareengineer.tumblr.com/post/107460604603/rm-rf,http://i.imgur.com/FWzGP6k.gif,17
107460335813,Processing input using regular expressions,http://lifeofasoftwareengineer.tumblr.com/post/107460335813/processing-input-using-regular-expressions,http://i.imgur.com/eZ54oT0.gif,11
107460166703,My first deployment to production,http://lifeofasoftwareengineer.tumblr.com/post/107460166703/my-first-deployment-to-production,http://i.imgur.com/Sv5Q3tW.gif,15
105285500728,When management tells me the new system design comprises too much risk.,http://lifeofasoftwareengineer.tumblr.com/post/105285500728/when-management-tells-me-the-new-system-design,http://media1.giphy.com/media/MNDjJDJ4X9Uac/200.gif,3
104823346208,Whenever Xcode tells me my provisioning profile is expiring,http://lifeofasoftwareengineer.tumblr.com/post/104823346208/whenever-xcode-tells-me-my-provisioning-profile-is,http://i.imgur.com/2aFUIpS.gif,7
104761743413,Pulling a git repo after a long holiday,http://lifeofasoftwareengineer.tumblr.com/post/104761743413/pulling-a-git-repo-after-a-long-holiday,http://i.imgur.com/bYrSse9.gif,16
104175458493,"When a non-technical/front-end person says ""I know CSS and HTML, it's easy""",http://lifeofasoftwareengineer.tumblr.com/post/104175458493/when-a-non-technicalfront-end-person-says-i-know,http://img2.wikia.nocookie.net/__cb20120904161949/victorious/images/1/12/Jlaw-okay.gif,20
103215335858,The App Build Process,http://lifeofasoftwareengineer.tumblr.com/post/103215335858/the-app-build-process,http://i.imgur.com/HVUAllO.gif,11
103186555208,The Many Phases of a Code Review,http://lifeofasoftwareengineer.tumblr.com/post/103186555208/the-many-phases-of-a-code-review,http://i.imgur.com/tFmcS.gif,18
102899333623,Just before the demo of a prototype to management,http://lifeofasoftwareengineer.tumblr.com/post/102899333623/just-before-the-demo-of-a-prototype-to-management,http://i.imgur.com/HKXDuto.gif,8
102592118138,Opening up JIRA to see nothing assigned to you,http://lifeofasoftwareengineer.tumblr.com/post/102592118138/opening-up-jira-to-see-nothing-assigned-to-you,http://i.imgur.com/pArf9Ev.gif,14
102529135994,Solving errors in execution time,http://lifeofasoftwareengineer.tumblr.com/post/102529135994/solving-errors-in-execution-time,https://i.imgur.com/5p6rGHu.gif,11
102459037503,When I test a recursive function for the fist time,http://lifeofasoftwareengineer.tumblr.com/post/102459037503/when-i-test-a-recursive-function-for-the-fist-time,https://i.imgur.com/RBkwIk3.gif,8
102360966702,When a UI automation test goes off the rails,http://lifeofasoftwareengineer.tumblr.com/post/102360966702/when-a-ui-automation-test-goes-off-the-rails,http://i.imgur.com/QRmvpGk.gif,5
102276775558,Customers after product handoff,http://lifeofasoftwareengineer.tumblr.com/post/102276775558/customers-after-product-handoff,http://i.imgur.com/3odsYeB.gif,6
100497222955,When you fix a bug everyone complained about and don't get any positive feedback,http://lifeofasoftwareengineer.tumblr.com/post/100497222955/when-you-fix-a-bug-everyone-complained-about-and,https://68.media.tumblr.com/b964d6e2b45ef7108363985be6cbbb1a/tumblr_n538p9rKKX1qz9wlpo1_500.gif,12
100235303158,Showing the code of your early prototype.,http://lifeofasoftwareengineer.tumblr.com/post/100235303158/showing-the-code-of-your-early-prototype,https://68.media.tumblr.com/90e488e62d390724bfd654e2e671b384/tumblr_inline_n45rjf8e4W1svk9zc.gif,30
99660459858,"""Refactoring""",http://lifeofasoftwareengineer.tumblr.com/post/99660459858/refactoring,http://giant.gfycat.com/PlumpWhoppingBarnacle.gif,11
99502642818,git push origin --delete,http://lifeofasoftwareengineer.tumblr.com/post/99502642818/git-push-origin-delete,http://i.imgur.com/jV6HjRO.gif,8
99399311632,When the requirements are... less than clear.,http://lifeofasoftwareengineer.tumblr.com/post/99399311632/when-the-requirements-are-less-than-clear,http://i.imgur.com/kfmtRJ2.gif,15
99318675128,When the Junior Engineer wants to rewite the whole app,http://lifeofasoftwareengineer.tumblr.com/post/99318675128/when-the-junior-engineer-wants-to-rewite-the-whole,http://i.imgur.com/uU1gLuD.gif,11
98764582658,Explaining the architecture to management,http://lifeofasoftwareengineer.tumblr.com/post/98764582658/explaining-the-architecture-to-management,http://i.imgur.com/RaAmzn5.gif,16
97216398901,Fixing Bugs in Legacy Code,http://lifeofasoftwareengineer.tumblr.com/post/97216398901/fixing-bugs-in-legacy-code,http://i.imgur.com/BTycSc5.gif,9
97140632938,Whenever I read a man page,http://lifeofasoftwareengineer.tumblr.com/post/97140632938/whenever-i-read-a-man-page,http://i.imgur.com/ccmHScn.gif,7
97077187320,[PG13] QA when a non-regression bug comes in close to release,http://lifeofasoftwareengineer.tumblr.com/post/97077187320/pg13-qa-when-a-non-regression-bug-comes-in-close,http://i.imgur.com/NvAzj0i.gif,3
96940447378,Trying to cancel a git push,http://lifeofasoftwareengineer.tumblr.com/post/96940447378/trying-to-cancel-a-git-push,http://i.imgur.com/rjTdjof.gif,5
96591461108,When the boss is looking for an engineer for a midnight release.,http://lifeofasoftwareengineer.tumblr.com/post/96591461108/when-the-boss-is-looking-for-an-engineer-for-a,http://share.gifyoutube.com/ZzxEyE.gif,5
95955488438,Just deleted a huge swath of unused code,http://lifeofasoftwareengineer.tumblr.com/post/95955488438/just-deleted-a-huge-swath-of-unused-code,http://evergreenterrace.com.au/wp-content/uploads/2012/07/flamethrower.gif,19
95755391873,First demo run to management,http://lifeofasoftwareengineer.tumblr.com/post/95755391873/first-demo-run-to-management,http://i.imgur.com/tVjLxnv.gif,15
95733715738,Autobiography of a Software Engineer,http://lifeofasoftwareengineer.tumblr.com/post/95733715738/autobiography-of-a-software-engineer,http://i.imgur.com/qtE7C7G.png,33
95260247328,Project Development Lifecycle Visualized,http://lifeofasoftwareengineer.tumblr.com/post/95260247328/project-development-lifecycle-visualized,http://giant.gfycat.com/FabulousLeafyAlaskanmalamute.gif,16
95259822208,MFW when I tried LINQ the first time,http://lifeofasoftwareengineer.tumblr.com/post/95259822208/mfw-when-i-tried-linq-the-first-time,http://i.imgur.com/17A8wBe.gif,3
95259683463,My first puppet deployment,http://lifeofasoftwareengineer.tumblr.com/post/95259683463/my-first-puppet-deployment,http://i.imgur.com/3MxeJbS.gif,4
93983233318,"""make clean""",http://lifeofasoftwareengineer.tumblr.com/post/93983233318/make-clean,http://i.imgur.com/vjp09.gif,6
93813639818,MFW someone tries to solve a concurrency problem by manipulating the run loop,http://lifeofasoftwareengineer.tumblr.com/post/93813639818/mfw-someone-tries-to-solve-a-concurrency-problem,http://i.imgur.com/hgxt9Ze.gif,6
93803270693,Trying to sneak a non-critical bug past QA for a production release.,http://lifeofasoftwareengineer.tumblr.com/post/93803270693/trying-to-sneak-a-non-critical-bug-past-qa-for-a,http://media3.giphy.com/media/njYrp176NQsHS/200.gif,4
93223616498,When someone asks me to make a big change to the code the day before ship,http://lifeofasoftwareengineer.tumblr.com/post/93223616498/when-someone-asks-me-to-make-a-big-change-to-the,http://img.pandawhale.com/post-36131-that-I-cannot-do-gif-Godfather-AXTs.gif,11
92862089273,When someone mentions free food at a meeting,http://lifeofasoftwareengineer.tumblr.com/post/92862089273/when-someone-mentions-free-food-at-a-meeting,http://i.imgur.com/aOX0Iwc.gif,2
92732360253,The customer's reply whenever I ask them to do something on their computer,http://lifeofasoftwareengineer.tumblr.com/post/92732360253/the-customers-reply-whenever-i-ask-them-to-do,http://i.imgur.com/4CZ95cm.gif,6
92635292143,When I move all my RC and Configs to my work computer,http://lifeofasoftwareengineer.tumblr.com/post/92635292143/when-i-move-all-my-rc-and-configs-to-my-work,http://i.imgur.com/NIdQTI3.gif,3
92584264558,Watching our customers try to use the incomplete prototype we built,http://lifeofasoftwareengineer.tumblr.com/post/92584264558/watching-our-customers-try-to-use-the-incomplete,http://giant.gfycat.com/AgileInsecureGavial.gif,8
91419837183,Whenever walk into my co-workers office and point out the missing semicolon,http://lifeofasoftwareengineer.tumblr.com/post/91419837183/whenever-walk-into-my-co-workers-office-and-point,http://i.imgur.com/hXBy4PK.gif,4
91209225758,Whenever Windows Update tries to reboot my workstation,http://lifeofasoftwareengineer.tumblr.com/post/91209225758/whenever-windows-update-tries-to-reboot-my,http://i.imgur.com/YWqQ19v.gif,10
89760876988,The Chief Engineer at Junor Engineers' design reviews,http://lifeofasoftwareengineer.tumblr.com/post/89760876988/the-chief-engineer-at-junor-engineers-design,http://i.imgur.com/TlNPA.gif,7
89353661783,Java these days,http://lifeofasoftwareengineer.tumblr.com/post/89353661783/java-these-days,http://imgur.com/zpbAdyr.png,8
89261179858,[PG13] My response when the customer asks why I won't be fixing any more bugs after a code freeze.,http://lifeofasoftwareengineer.tumblr.com/post/89261179858/pg13-my-response-when-the-customer-asks-why-i,http://i.imgur.com/L61jZ.jpg,5
89154645151,Whenever I read method documentation that talks about all of the previous/old designs,http://lifeofasoftwareengineer.tumblr.com/post/89154645151/whenever-i-read-method-documentation-that-talks,http://replygif.net/i/704.gif,3
89054838688,What I keep telling myself customers say.,http://lifeofasoftwareengineer.tumblr.com/post/89054838688/what-i-keep-telling-myself-customers-say,http://i.imgur.com/d7qQaF2.png,9
88976622403,The customer's reaction when given choices,http://lifeofasoftwareengineer.tumblr.com/post/88976622403/the-customers-reaction-when-given-choices,http://i.imgur.com/JDWO5PN.gif,8
88668355358,Trying to course correct during a huge presentation,http://lifeofasoftwareengineer.tumblr.com/post/88668355358/trying-to-course-correct-during-a-huge,http://i.imgur.com/LGisuh2.gif,5
88668117063,Whenever one of my machines is rooted,http://lifeofasoftwareengineer.tumblr.com/post/88668117063/whenever-one-of-my-machines-is-rooted,http://i.imgur.com/qQI3DTL.gif,3
88667625413,When the massive refactor is finally passing all the unit tests,http://lifeofasoftwareengineer.tumblr.com/post/88667625413/when-the-massive-refactor-is-finally-passing-all,http://www.reactiongifs.com/r/tcfi.gif,4
86311428028,Dealing With Team Members Who Push Broke Code,http://lifeofasoftwareengineer.tumblr.com/post/86311428028/dealing-with-team-members-who-push-broke-code,http://stream1.gifsoup.com/view3/20140518/5039004/be-still-cody-o.gif,2
85245880363,"How I imagine Git's ""rewinding head to replay your work on top of it""",http://lifeofasoftwareengineer.tumblr.com/post/85245880363/how-i-imagine-gits-rewinding-head-to-replay-your,http://i.imgur.com/1O9e4yG.gif,4
85083910988,Conversations with a senior software engineer,http://lifeofasoftwareengineer.tumblr.com/post/85083910988/conversations-with-a-senior-software-engineer,http://i.imgur.com/8WBRde8.gif,22
85083288348,"""So you think you can finish the app by Friday?""",http://lifeofasoftwareengineer.tumblr.com/post/85083288348/so-you-think-you-can-finish-the-app-by-friday,http://i.imgur.com/GF2CoJw.gif,18
84883497243,Learning about Angular service factories and providers,http://lifeofasoftwareengineer.tumblr.com/post/84883497243/learning-about-angular-service-factories-and,http://i.imgur.com/FwNYcoZ.gif,4
84096755218,Pulling the repo after a long vacation,http://lifeofasoftwareengineer.tumblr.com/post/84096755218/pulling-the-repo-after-a-long-vacation,http://i.imgur.com/boI1ONr.gif,10
84096493016,Remembering you left debugging output in production code,http://lifeofasoftwareengineer.tumblr.com/post/84096493016/remembering-you-left-debugging-output-in,http://i.imgur.com/B7PwYzD.gif,9
81387461438,Getting a compiler warning,http://lifeofasoftwareengineer.tumblr.com/post/81387461438/getting-a-compiler-warning,http://i.imgur.com/LdRiQ4A.gif,20
81318352290,[PG13] Accidentally replying all,http://lifeofasoftwareengineer.tumblr.com/post/81318352290/pg13-accidentally-replying-all,http://i.imgur.com/cAu67Ga.gif,6
80071861591,"""Pros and Cons of Dating a Programmer""",http://lifeofasoftwareengineer.tumblr.com/post/80071861591/pros-and-cons-of-dating-a-programmer,http://i.imgur.com/v6mRF2P.jpg,31
79874617237,"""Pros and Cons of Dating a Programmer""",http://lifeofasoftwareengineer.tumblr.com/post/79874617237,http://i.imgur.com/In8hn8q.png,14
79518049623,Software Engineering Team Projects,http://lifeofasoftwareengineer.tumblr.com/post/79518049623/software-engineering-team-projects,http://i.imgur.com/ejOF1FH.jpg,20
79460600798,"Whenever an intern candidate says he/she has experience with ""big data""",http://lifeofasoftwareengineer.tumblr.com/post/79460600798/whenever-an-intern-candidate-says-heshe-has,http://i.imgur.com/OGVQmmU.gif,11
79332229084,The first time the tests pass,http://lifeofasoftwareengineer.tumblr.com/post/79332229084/the-first-time-the-tests-pass,http://static1.fjcdn.com/thumbnails/comments/Plebfag+not+having+the+fucking+.gif+_ad7c4962c17b7f811193718f72217aaa.gif,9
79165932681,When I mess with web configs and get in a redirect loop,http://lifeofasoftwareengineer.tumblr.com/post/79165932681/when-i-mess-with-web-configs-and-get-in-a-redirect,http://i.imgur.com/c2wRFnh.gif,9
79047756277,git blame,http://lifeofasoftwareengineer.tumblr.com/post/79047756277/git-blame,http://i.imgur.com/1ON97CJ.gif,12
79016025474,Doing the demo for the tenth time,http://lifeofasoftwareengineer.tumblr.com/post/79016025474/doing-the-demo-for-the-tenth-time,http://i.imgur.com/teV99Vv.gif,5
79015784149,Problem solving on Friday afternoon,http://lifeofasoftwareengineer.tumblr.com/post/79015784149/problem-solving-on-friday-afternoon,http://i.imgur.com/vQ1bDKp.gif,10
78109533979,How I felt when I was given root access to the development machines,http://lifeofasoftwareengineer.tumblr.com/post/78109533979/how-i-felt-when-i-was-given-root-access-to-the,http://i.imgur.com/aMLcxFB.gif,7
77632669656,How I felt when I was given root access to the development machines,http://lifeofasoftwareengineer.tumblr.com/post/77632669656,http://i.imgur.com/1n8LdRR.jpg,12
77274144491,When my boss asks me to come up with a system architecture,http://lifeofasoftwareengineer.tumblr.com/post/77274144491/when-my-boss-asks-me-to-come-up-with-a-system,http://i.imgur.com/olvAHmw.gif,5
77177938666,Coming home after trying a stand-up desk all day,http://lifeofasoftwareengineer.tumblr.com/post/77177938666/coming-home-after-trying-a-stand-up-desk-all-day,http://i.imgur.com/gJ5bdDw.gif,1
77071609440,MRW the intern proposes a new system design to the lead engineer,http://lifeofasoftwareengineer.tumblr.com/post/77071609440/mrw-the-intern-proposes-a-new-system-design-to-the,http://i.imgur.com/h7y06Yj.gif,6
76954927023,Whenever I turn on all logging options,http://lifeofasoftwareengineer.tumblr.com/post/76954927023/whenever-i-turn-on-all-logging-options,http://i.imgur.com/eoMpD.gif,17
76954721777,Dining Philosophers,http://lifeofasoftwareengineer.tumblr.com/post/76954721777/dining-philosophers,http://i.imgur.com/5SkCL1z.gif,8
76531286407,Getting advice from the senior engineer,http://lifeofasoftwareengineer.tumblr.com/post/76531286407/getting-advice-from-the-senior-engineer,http://i.imgur.com/7j9h3DM.gif,8
76422281497,When I accidentally do a git checkout,http://lifeofasoftwareengineer.tumblr.com/post/76422281497/when-i-accidentally-do-a-git-checkout,http://i.imgur.com/0soYqeL.gif,4
76339456392,During a SE job interview,http://lifeofasoftwareengineer.tumblr.com/post/76339456392/during-a-se-job-interview,https://68.media.tumblr.com/b5aee4593953954a6a5d4ee4cb7f0ead/tumblr_inline_n0mq5ucFg91qzjm79.gif,16
76209897083,Something we both can agree on,http://lifeofasoftwareengineer.tumblr.com/post/76209897083/something-we-both-can-agree-on,https://68.media.tumblr.com/d26f19a8d6e4888ac3b4f0cf59a15eab/tumblr_inline_n0rxdbCWkr1qzjm79.png,30
75896757986,Whenever I see someone asking a question during a fragile demo,http://lifeofasoftwareengineer.tumblr.com/post/75896757986/whenever-i-see-someone-asking-a-question-during-a,http://i.imgur.com/5SATX9q.gif,9
75896752272,Whenever someone changes the @author tag on a class I created,http://lifeofasoftwareengineer.tumblr.com/post/75896752272/whenever-someone-changes-the-author-tag-on-a,http://i.imgur.com/PYR8D3I.gif,11
75896747039,Whenever I bug I filed gets punted to a later release,http://lifeofasoftwareengineer.tumblr.com/post/75896747039/whenever-i-bug-i-filed-gets-punted-to-a-later,http://i.imgur.com/Orq3wok.gif,2
75584573425,Testing a feature for the first time,http://lifeofasoftwareengineer.tumblr.com/post/75584573425/testing-a-feature-for-the-first-time,http://i.imgur.com/vtaJFMh.gif,16
75478151205,"Whenever I hear someone refer to themselves as a ""hacker""",http://lifeofasoftwareengineer.tumblr.com/post/75478151205/whenever-i-hear-someone-refer-to-themselves-as-a,https://68.media.tumblr.com/0106785948d21981e897a647ed3eaee2/tumblr_inline_n0f9ewft3w1qzjm79.gif,22
75160593982,"After raging about a useless exception message, then finding out I wrote the message",http://lifeofasoftwareengineer.tumblr.com/post/75160593982/after-raging-about-a-useless-exception-message,http://i56.photobucket.com/albums/g183/barbarianinc/regiffs/fight_club_punch.gif,8
75052889141,Whenever I mess up OpenGL drawing code,http://lifeofasoftwareengineer.tumblr.com/post/75052889141/whenever-i-mess-up-opengl-drawing-code,http://i.imgur.com/aXm4qfm.gif,14
74940718590,How I feel when I get assigned a bug that nobody in the world will ever notice,http://lifeofasoftwareengineer.tumblr.com/post/74940718590/how-i-feel-when-i-get-assigned-a-bug-that-nobody,http://g.virbcdn.com/_f/cdn_images/resize_640x640/b0/PageImage-512686-3753153-spiderman_neat.gif,2
74827661980,"Whenever I accidentally hit ""Clean"" instead of ""Build"" in a large software system",http://lifeofasoftwareengineer.tumblr.com/post/74827661980/whenever-i-accidentally-hit-clean-instead-of,http://i.imgur.com/cE2QddK.gif,3
74724190491,Whenever someone shows me a UML sequence diagram for an entire subsystem,http://lifeofasoftwareengineer.tumblr.com/post/74724190491/whenever-someone-shows-me-a-uml-sequence-diagram,http://i.imgur.com/bLZBrsq.gif,11
74385629785,Whenever someone comes into my office while I'm programming,http://lifeofasoftwareengineer.tumblr.com/post/74385629785/whenever-someone-comes-into-my-office-while-im,http://i.imgur.com/12JhT7p.gif,14
74278865946,Whenever I'm asked if I can do localization testing,http://lifeofasoftwareengineer.tumblr.com/post/74278865946/whenever-im-asked-if-i-can-do-localization,http://i.imgur.com/TPQwK61.gif,7
74165710025,DevOps' Motto,http://lifeofasoftwareengineer.tumblr.com/post/74165710025/devops-motto,http://i.imgur.com/OAoMC9G.png,7
74099949841,"When I hear ""because Java and C# are effectively the same thing""",http://lifeofasoftwareengineer.tumblr.com/post/74099949841/when-i-hear-because-java-and-c-are-effectively,http://i.imgur.com/pr5CSet.gif,15
74075123770,When an ad suggests we can fix all of our problems by purchasing middleware,http://lifeofasoftwareengineer.tumblr.com/post/74075123770/when-an-ad-suggests-we-can-fix-all-of-our-problems,http://i.imgur.com/a94u1p6.gif,2
74074637010,When I *finally* understood functional programming,http://lifeofasoftwareengineer.tumblr.com/post/74074637010/when-i-finally-understood-functional-programming,http://i.imgur.com/lihAEWi.gif,5
73610479458,Whenever someone complains about test coverage,http://lifeofasoftwareengineer.tumblr.com/post/73610479458/whenever-someone-complains-about-test-coverage,http://i.imgur.com/tiIgRGq.gif,4
73510688757,Going to a release party the day after joining a team,http://lifeofasoftwareengineer.tumblr.com/post/73510688757/going-to-a-release-party-the-day-after-joining-a,http://i.minus.com/iT2Ak7RIYpndw.gif,8
73405581726,After the fifth architecture meeting...,http://lifeofasoftwareengineer.tumblr.com/post/73405581726/after-the-fifth-architecture-meeting,http://i.imgur.com/t63SPsx.gif,6
73310122233,Whenever I upgrade the OS on my workstation,http://lifeofasoftwareengineer.tumblr.com/post/73310122233/whenever-i-upgrade-the-os-on-my-workstation,http://i.imgur.com/lY6kEpy.gif,5
73205540752,Inspecting code you wrote when you first started your job,http://lifeofasoftwareengineer.tumblr.com/post/73205540752/inspecting-code-you-wrote-when-you-first-started,http://i.imgur.com/qVi2qn0.gif,7
72867640061,Whenever I integrate subsystems,http://lifeofasoftwareengineer.tumblr.com/post/72867640061/whenever-i-integrate-subsystems,http://i.imgur.com/u7fmgAh.gif,10
72763300881,"Finding that bit of production code that absolutely doesn't work, but somehow does",http://lifeofasoftwareengineer.tumblr.com/post/72763300881/finding-that-bit-of-production-code-that,http://i.imgur.com/ansFu68.gif,11
72659514054,Output whenever I run a ./configure script,http://lifeofasoftwareengineer.tumblr.com/post/72659514054/output-whenever-i-run-a-configure-script,http://i.imgur.com/i5IzVGf.gif,12
72550406904,After a flawless demo,http://lifeofasoftwareengineer.tumblr.com/post/72550406904/after-a-flawless-demo,http://i.imgur.com/H1hRump.gif,9
72550345524,Whenever I try to make a regex,http://lifeofasoftwareengineer.tumblr.com/post/72550345524/whenever-i-try-to-make-a-regex,http://i.imgur.com/JBNiSce.gif,8
72440822332,When the build breaks after a patch you reviewed lands,http://lifeofasoftwareengineer.tumblr.com/post/72440822332/when-the-build-breaks-after-a-patch-you-reviewed,http://i.imgur.com/hkRTyqe.gif,7
70481637049,Refactoring code and broke the build.,http://lifeofasoftwareengineer.tumblr.com/post/70481637049/refactoring-code-and-broke-the-build,http://i.imgur.com/yp2zrW7.gif?1?3124,1
70286559778,Upon learning a subsystem is coded in VB,http://lifeofasoftwareengineer.tumblr.com/post/70286559778/upon-learning-a-subsystem-is-coded-in-vb,http://i.imgur.com/mcv8KA9.gif,5
70205046974,Getting away with a hotfix in production without anyone noticing,http://lifeofasoftwareengineer.tumblr.com/post/70205046974/getting-away-with-a-hotfix-in-production-without,http://i.imgur.com/RO8TR1l.jpg,7
69787385274,"When the ""screw this, I'm rewriting it"" moment is reached",http://lifeofasoftwareengineer.tumblr.com/post/69787385274/when-the-screw-this-im-rewriting-it-moment-is,http://i.imgur.com/EoNdaYk.gif,19
69685949653,When the Chief Engineer finally acknowledges that I have a good design,http://lifeofasoftwareengineer.tumblr.com/post/69685949653/when-the-chief-engineer-finally-acknowledges-that,http://i.imgur.com/zrWlT.gif,4
69584087642,When I try to explain my code at a code review,http://lifeofasoftwareengineer.tumblr.com/post/69584087642/when-i-try-to-explain-my-code-at-a-code-review,http://f.kulfoto.com/pic/0001/0016/7PYMX15076.jpg,8
69497877099,Devs being invited to a hackathon,http://lifeofasoftwareengineer.tumblr.com/post/69497877099/devs-being-invited-to-a-hackathon,http://i.imgur.com/tkAhpX3.gif,2
69497492504,When you notice the app going into a bad state during a demo,http://lifeofasoftwareengineer.tumblr.com/post/69497492504/when-you-notice-the-app-going-into-a-bad-state,http://i.imgur.com/UNb1O.gif,4
69082626595,Using private API,http://lifeofasoftwareengineer.tumblr.com/post/69082626595/using-private-api,http://i.imgur.com/40VEucN.gif,1
68973291798,"Whenever QA returns a bug back as ""Not fixed""",http://lifeofasoftwareengineer.tumblr.com/post/68973291798/whenever-qa-returns-a-bug-back-as-not-fixed,http://i.imgur.com/4ufvIp5.gif,5
68888140986,FIling a bug against yourself,http://lifeofasoftwareengineer.tumblr.com/post/68888140986/filing-a-bug-against-yourself,http://usatthebiglead.files.wordpress.com/2013/11/chi-chi-rodriguez-hits-himself-in-the-nuts.gif,4
68888113307,Trying to convert the gangly mess of test code to use Mock Objects,http://lifeofasoftwareengineer.tumblr.com/post/68888113307/trying-to-convert-the-gangly-mess-of-test-code-to,http://i.imgur.com/iQAyv.gif,2
68060607811,That first early morning meeting,http://lifeofasoftwareengineer.tumblr.com/post/68060607811/that-first-early-morning-meeting,http://i.imgur.com/XH94o.gif,5
67748283500,Whenever you read user reviews for your app,http://lifeofasoftwareengineer.tumblr.com/post/67748283500/whenever-you-read-user-reviews-for-your-app,http://i.imgur.com/zEIowWc.gif,14
67654630781,When GM is declared,http://lifeofasoftwareengineer.tumblr.com/post/67654630781/when-gm-is-declared,http://i.imgur.com/BjDspii.gif,1
67560333032,When you get a bug filed against code you wrote six months ago,http://lifeofasoftwareengineer.tumblr.com/post/67560333032/when-you-get-a-bug-filed-against-code-you-wrote,http://i.imgur.com/Z9rfG.gif,8
67461889575,When someone asks me to fix a bug in my experimental proof-of-concept code,http://lifeofasoftwareengineer.tumblr.com/post/67461889575/when-someone-asks-me-to-fix-a-bug-in-my,http://i.imgur.com/jExiHAW.gif,7
67366888331,Telling another team about a bug in their code,http://lifeofasoftwareengineer.tumblr.com/post/67366888331/telling-another-team-about-a-bug-in-their-code,https://68.media.tumblr.com/8276c0d19dd2e4b3d5b62916c121d6dd/tumblr_mw8lj0cacV1sl21koo1_400.gif,1
67053645207,When someone claps at the end of a meeting,http://lifeofasoftwareengineer.tumblr.com/post/67053645207/when-someone-claps-at-the-end-of-a-meeting,http://i.imgur.com/mRiQnsu.gif,2
66967865539,After a big release,http://lifeofasoftwareengineer.tumblr.com/post/66967865539/after-a-big-release,http://i.imgur.com/I6FDVN0.png,7
66876565913,When I'm invited to *another* meeting about Software Process,http://lifeofasoftwareengineer.tumblr.com/post/66876565913/when-im-invited-to-another-meeting-about,http://i.imgur.com/xE5mi.gif,4
66774347420,When teammates are slacking off,http://lifeofasoftwareengineer.tumblr.com/post/66774347420/when-teammates-are-slacking-off,https://68.media.tumblr.com/d3db5014d20584cf14ac5880c93da703/tumblr_mvyedxnqXu1sl21koo1_400.gif,1
66696726594,When I send a new developer after a particularly innoculous bug,http://lifeofasoftwareengineer.tumblr.com/post/66696726594/when-i-send-a-new-developer-after-a-particularly,http://i.imgur.com/yDKED.gif,5
66370892009,When you're waiting for people to leave the conference room you booked,http://lifeofasoftwareengineer.tumblr.com/post/66370892009/when-youre-waiting-for-people-to-leave-the,http://i.imgur.com/koClnuR.gif,11
66279069140,When they parade upper management past our offices and I have to look busy,http://lifeofasoftwareengineer.tumblr.com/post/66279069140/when-they-parade-upper-management-past-our-offices,http://i.imgur.com/7bmkz3A.gif,7
66187561072,A frontend developers life,http://lifeofasoftwareengineer.tumblr.com/post/66187561072/a-frontend-developers-life,http://i.imgur.com/Q3cUg29.gif,20
66093165148,When I finally get the really simple demo working,http://lifeofasoftwareengineer.tumblr.com/post/66093165148/when-i-finally-get-the-really-simple-demo-working,http://i.imgur.com/IAoK5.gif,12
66006795380,If the static analyzer went to a party,http://lifeofasoftwareengineer.tumblr.com/post/66006795380/if-the-static-analyzer-went-to-a-party,http://i.imgur.com/CBqutLL.gif,3
65705685971,Whenever I'm asked a very technical interview question,http://lifeofasoftwareengineer.tumblr.com/post/65705685971/whenever-im-asked-a-very-technical-interview,http://i.imgur.com/4ZxjJvl.gif,3
65613919160,When I work around bugs in third party APIs,http://lifeofasoftwareengineer.tumblr.com/post/65613919160/when-i-work-around-bugs-in-third-party-apis,http://i.imgur.com/l6KCmQM.gif,6
65521975569,Halloween costume level: Software Engineer,http://lifeofasoftwareengineer.tumblr.com/post/65521975569/halloween-costume-level-software-engineer,http://i.imgur.com/gjRBnBF.gif,5
65426368521,Debugging memory leaks,http://lifeofasoftwareengineer.tumblr.com/post/65426368521/debugging-memory-leaks,http://i.imgur.com/R0QbC1m.png,16
65331253627,How I feel when I get the automated deploy working,http://lifeofasoftwareengineer.tumblr.com/post/65331253627/how-i-feel-when-i-get-the-automated-deploy-working,http://i.imgur.com/3eqrk0z.gif,4
65039959082,When friends rip on a feature you wrote,http://lifeofasoftwareengineer.tumblr.com/post/65039959082/when-friends-rip-on-a-feature-you-wrote,http://i.imgur.com/0Zs6S3f.gif,1
64951200379,When the intern wants to rewrite the entire codebase,http://lifeofasoftwareengineer.tumblr.com/post/64951200379/when-the-intern-wants-to-rewrite-the-entire,http://i.imgur.com/0anOmX8.gif,8
64861853246,"Whenever I look at part of a confusing project that's labelled ""engine""",http://lifeofasoftwareengineer.tumblr.com/post/64861853246/whenever-i-look-at-part-of-a-confusing-project,https://68.media.tumblr.com/0bb0bac2dabfcba07085034073f8e5e8/tumblr_inline_mv2qbkqEgA1qzjm79.png,5
64770294645,Fixing a bug in legacy code,http://lifeofasoftwareengineer.tumblr.com/post/64770294645/fixing-a-bug-in-legacy-code,http://i.imgur.com/jx36sud.gif,7
64695011341,Stepping over a bunch of FIXME lines in the debugger,http://lifeofasoftwareengineer.tumblr.com/post/64695011341/stepping-over-a-bunch-of-fixme-lines-in-the,http://i.imgur.com/rUnEGLd.gif,4
64293872485,When my patch is cleared after review,http://lifeofasoftwareengineer.tumblr.com/post/64293872485/when-my-patch-is-cleared-after-review,http://i.imgur.com/mbsIR4P.gif,1
64253999737,"Whenever I make a joke about a hack I did, only to realize it's still in production code",http://lifeofasoftwareengineer.tumblr.com/post/64253999737/whenever-i-make-a-joke-about-a-hack-i-did-only-to,http://i.imgur.com/Atm93Oj.gif,5
64204664719,When your new workstation is delivered,http://lifeofasoftwareengineer.tumblr.com/post/64204664719/when-your-new-workstation-is-delivered,http://i.imgur.com/ttyCF.gif,3
64202649018,Teleconferencing into meetings,http://lifeofasoftwareengineer.tumblr.com/post/64202649018/teleconferencing-into-meetings,http://i.imgur.com/5NdSS4U.gif,8
64113705841,When an automated test is about to begin but the app is in a bad state,http://lifeofasoftwareengineer.tumblr.com/post/64113705841/when-an-automated-test-is-about-to-begin-but-the,http://i.imgur.com/CVBHB.gif,3
62997343282,When Jr. engineers ask me for code reviews,http://lifeofasoftwareengineer.tumblr.com/post/62997343282/when-jr-engineers-ask-me-for-code-reviews,http://gifs.gifbin.com/072013/1377078445_puppies_attack_mans_leg.gif,4
62903701458,When I overhear someone opening a bug in something I wrote,http://lifeofasoftwareengineer.tumblr.com/post/62903701458/when-i-overhear-someone-opening-a-bug-in-something,https://68.media.tumblr.com/tumblr_ljv7cl4MLp1qa51o3o1_500.gif,6
62812147726,When someone finds a bug in your code just prior to release,http://lifeofasoftwareengineer.tumblr.com/post/62812147726/when-someone-finds-a-bug-in-your-code-just-prior,http://i.imgur.com/qVSN2uQ.gif,1
62681511158,Java Garbage Collection,http://lifeofasoftwareengineer.tumblr.com/post/62681511158/java-garbage-collection,http://i.imgur.com/R40kdNY.gif,22
62415804699,"When you write 1000+ lines of code and it ""just works""",http://lifeofasoftwareengineer.tumblr.com/post/62415804699/when-you-write-1000-lines-of-code-and-it-just,http://i.imgur.com/4mVpGkl.gif,20
62415720069,When someone asks me for directions around a subsystem I'm not familair with,http://lifeofasoftwareengineer.tumblr.com/post/62415720069/when-someone-asks-me-for-directions-around-a,http://i.imgur.com/00XjX.gif,8
62415611842,When the lead developer comes back from vacation and looks at the codebase,http://lifeofasoftwareengineer.tumblr.com/post/62415611842/when-the-lead-developer-comes-back-from-vacation,http://i.imgur.com/bLWLM.gif,5
61020030683,When I get a Severity 1 ticket for a minor cosmetic defect,http://lifeofasoftwareengineer.tumblr.com/post/61020030683/when-i-get-a-severity-1-ticket-for-a-minor,http://i.imgur.com/nWAYoNY.gif,1
60782376145,Whenever I give a presentation to senior management,http://lifeofasoftwareengineer.tumblr.com/post/60782376145/whenever-i-give-a-presentation-to-senior,http://i.imgur.com/HUdxdlC.gif,8
60458715731,My head whenever I'm debugging multithreaded code,http://lifeofasoftwareengineer.tumblr.com/post/60458715731/my-head-whenever-im-debugging-multithreaded-code,http://i.imgur.com/gTP7vf1.gif,17
60361172905,How I feel when my code is up for review,http://lifeofasoftwareengineer.tumblr.com/post/60361172905/how-i-feel-when-my-code-is-up-for-review,http://i.imgur.com/igOawD5.gif,9
59677830252,Expected response from a customer when asked if they read the documentation,http://lifeofasoftwareengineer.tumblr.com/post/59677830252/expected-response-from-a-customer-when-asked-if,http://i.imgur.com/ho8E7.gif,4
59677682852,How I feel when I'm debugging recursive calls,http://lifeofasoftwareengineer.tumblr.com/post/59677682852/how-i-feel-when-im-debugging-recursive-calls,http://i.imgur.com/Qi7P69s.gif,8
59586286960,How I feel when I'm debugging through a third party API,http://lifeofasoftwareengineer.tumblr.com/post/59586286960/how-i-feel-when-im-debugging-through-a-third,http://i.imgur.com/9RNNRJ0.gif,11
59494850675,Testing with mock objects,http://lifeofasoftwareengineer.tumblr.com/post/59494850675/testing-with-mock-objects,http://i.imgur.com/QCCQfKn.gif,11
59494709438,"How you felt after you were able to write ""Hello World"" to the console",http://lifeofasoftwareengineer.tumblr.com/post/59494709438/how-you-felt-after-you-were-able-to-write-hello,http://i.imgur.com/5RS4qEA.gif,14
59011799516,When I find and fix a tiny defect,http://lifeofasoftwareengineer.tumblr.com/post/59011799516/when-i-find-and-fix-a-tiny-defect,http://i.imgur.com/ZrTao1b.gif,6
58923929679,Removing that class you thought wasn't used anywhere,http://lifeofasoftwareengineer.tumblr.com/post/58923929679/removing-that-class-you-thought-wasnt-used,http://i.imgur.com/eIAZUaS.gif,15
58814157959,Trying to help in group projects,http://lifeofasoftwareengineer.tumblr.com/post/58814157959/trying-to-help-in-group-projects,http://i.imgur.com/iQi4BJi.gif,10
58813957095,When a Library Throws Errors via Alerts,http://lifeofasoftwareengineer.tumblr.com/post/58813957095/when-a-library-throws-errors-via-alerts,https://68.media.tumblr.com/99fa8a557236ed98ef1ac9f78ffe5631/tumblr_mf71gh3zYj1rwlmoao1_250.gif,5
58331193024,After looking at code reviews & bugs all day,http://lifeofasoftwareengineer.tumblr.com/post/58331193024/after-looking-at-code-reviews-bugs-all-day,http://i.imgur.com/kXqIsDu.gif,7
58248107226,"Whenever the phrase ""doughnuts in the break room"" is heard",http://lifeofasoftwareengineer.tumblr.com/post/58248107226/whenever-the-phrase-doughnuts-in-the-break-room,http://i.imgur.com/U146Fyq.gif,3
58247893441,Whenever Windows Update reboots your computer while working on something,http://lifeofasoftwareengineer.tumblr.com/post/58247893441/whenever-windows-update-reboots-your-computer,http://i.imgur.com/vAvpumM.gif,12
58071434162,A typical response whenever you file a bug against another team,http://lifeofasoftwareengineer.tumblr.com/post/58071434162/a-typical-response-whenever-you-file-a-bug-against,http://i.imgur.com/BZtbeyT.gif,1
57162879811,"That feeling when you submit for a code review, and it gets approved... first time...",http://lifeofasoftwareengineer.tumblr.com/post/57162879811/that-feeling-when-you-submit-for-a-code-review,http://i.minus.com/iJXKWsYALZhyD.gif,3
56973058843,Working on the code left by the guy who started a couple weeks before you and left 4 months ago,http://lifeofasoftwareengineer.tumblr.com/post/56973058843/working-on-the-code-left-by-the-guy-who-started-a,http://stream1.gifsoup.com/view8/4781559/crying-indian-o.gif,1
56973024526,When I try to fix a bug,http://lifeofasoftwareengineer.tumblr.com/post/56973024526/when-i-try-to-fix-a-bug,http://i.minus.com/ibaDjk7AeIcvxv.gif,21
56972990909,Estimates,http://lifeofasoftwareengineer.tumblr.com/post/56972990909/estimates,https://pbs.twimg.com/media/BKsw9oOCUAEH5bx.png,15
56446948246,Estimates,http://lifeofasoftwareengineer.tumblr.com/post/56446948246,http://i.imgur.com/mjVN8vA.jpg,24
56239858481,Debugging a co-worker's code,http://lifeofasoftwareengineer.tumblr.com/post/56239858481/debugging-a-co-workers-code,http://i.imgur.com/Ut6ijj2.gif,15
56164666254,Debugging a co-worker's code,http://lifeofasoftwareengineer.tumblr.com/post/56164666254,http://i.imgur.com/M1KU6MO.jpg,15
55914969053,Whenever your boss assigns you things to work on over the weekend,http://lifeofasoftwareengineer.tumblr.com/post/55914969053/whenever-your-boss-assigns-you-things-to-work-on,http://i.imgur.com/r4o5LSP.gif,3
55789573990,git reset --hard,http://lifeofasoftwareengineer.tumblr.com/post/55789573990/git-reset-hard,http://img-fotki.yandex.ru/get/6713/32703389.20/0_6f0a6_b5082f50_orig,7
55789466911,"""Come help me with this bug!""",http://lifeofasoftwareengineer.tumblr.com/post/55789466911/come-help-me-with-this-bug,http://www.funcage.com/gif/photos/iUBP2UtMo1zk2.gif,13
55782973689,Every day,http://lifeofasoftwareengineer.tumblr.com/post/55782973689/every-day,http://i.imgur.com/mYTtjxo.gif,1
55481869311,Whenever I convert a view to use autolayout,http://lifeofasoftwareengineer.tumblr.com/post/55481869311/whenever-i-convert-a-view-to-use-autolayout,https://i.chzbgr.com/maxW500/3989836032/h9CFC26B1/,1
55253612564,When my bug count reaches zero,http://lifeofasoftwareengineer.tumblr.com/post/55253612564/when-my-bug-count-reaches-zero,http://i.imgur.com/eR3LTqa.gif,7
55062707672,Pushing a patch to the repo and leaving for lunch,http://lifeofasoftwareengineer.tumblr.com/post/55062707672/pushing-a-patch-to-the-repo-and-leaving-for-lunch,http://i.imgur.com/LtbRu.gif,7
55019787651,When someone points out your code's shortcomings,http://lifeofasoftwareengineer.tumblr.com/post/55019787651/when-someone-points-out-your-codes-shortcomings,http://i.imgur.com/AF1a9qG.gif,1
54917482875,How my legs feel when a stand-up goes for way too long,http://lifeofasoftwareengineer.tumblr.com/post/54917482875/how-my-legs-feel-when-a-stand-up-goes-for-way-too,http://i.imgur.com/Vv5RpLn.gif,8
54833473984,When the disk recovery tool recognizes your hosed partition,http://lifeofasoftwareengineer.tumblr.com/post/54833473984/when-the-disk-recovery-tool-recognizes-your-hosed,http://www.reactiongifs.com/wp-content/uploads/2013/04/a-chance.gif,4
54669493481,When someone complains that your regular expression is hard to understand,http://lifeofasoftwareengineer.tumblr.com/post/54669493481/when-someone-complains-that-your-regular,http://i.imgur.com/uK6AAEx.gif,1
54592906173,The morning of the big presentation,http://lifeofasoftwareengineer.tumblr.com/post/54592906173/the-morning-of-the-big-presentation,http://i.imgur.com/XMt1Muw.gif,1
54508317517,Whenever a friend asks you to fix something about your company,http://lifeofasoftwareengineer.tumblr.com/post/54508317517/whenever-a-friend-asks-you-to-fix-something-about,http://i.imgur.com/NMmoqQ5.gif,3
54508213355,Learning your new employers in house build system.,http://lifeofasoftwareengineer.tumblr.com/post/54508213355/learning-your-new-employers-in-house-build-system,http://i.imgur.com/YatJPvJ.gif,4
54428732014,Whenever I'm designing a system architecture,http://lifeofasoftwareengineer.tumblr.com/post/54428732014/whenever-im-designing-a-system-architecture,http://i.imgur.com/k739aJ4.gif,3
54346833740,Well that's unfortunate,http://lifeofasoftwareengineer.tumblr.com/post/54346833740/well-thats-unfortunate,,0
53811602453,Messing up a SQL JOIN,http://lifeofasoftwareengineer.tumblr.com/post/53811602453/messing-up-a-sql-join,http://i.imgur.com/JXFpHEG.gif,3
53811483883,When someone showed me how to change the program counter in Xcode,http://lifeofasoftwareengineer.tumblr.com/post/53811483883/when-someone-showed-me-how-to-change-the-program,http://i.imgur.com/7SLtv.gif,2
53811358141,When something you've worked on is talked about in the chat rooms,http://lifeofasoftwareengineer.tumblr.com/post/53811358141/when-something-youve-worked-on-is-talked-about-in,http://i.imgur.com/a2ibIkG.gif,3
53811038140,Whenever I hear that unit testing is lame,http://lifeofasoftwareengineer.tumblr.com/post/53811038140/whenever-i-hear-that-unit-testing-is-lame,http://i.imgur.com/mAoXLra.gif,7
53810509805,MFW A bug I wrote is closed without an explanation,http://lifeofasoftwareengineer.tumblr.com/post/53810509805/mfw-a-bug-i-wrote-is-closed-without-an-explanation,http://i.imgur.com/4obwbws.gif,1
53810346512,Putting a patch up for code review,http://lifeofasoftwareengineer.tumblr.com/post/53810346512/putting-a-patch-up-for-code-review,http://i.imgur.com/Tbkj2La.gif,2
52889550162,Design discussions with senior software engineers,http://lifeofasoftwareengineer.tumblr.com/post/52889550162/design-discussions-with-senior-software-engineers,http://i1258.photobucket.com/albums/ii534/LifeAsSE/Photobucket%20Desktop%20-%20Siddhartha/BBbsBDV.gif,4
52889018074,When you're on the blamelist for Jenkins and it isn't your fault,http://lifeofasoftwareengineer.tumblr.com/post/52889018074/when-youre-on-the-blamelist-for-jenkins-and-it,http://i1258.photobucket.com/albums/ii534/LifeAsSE/Photobucket%20Desktop%20-%20Siddhartha/i-didnt-touch-it.gif,6
52888357039,Whenever I receive an email while pair programming,http://lifeofasoftwareengineer.tumblr.com/post/52888357039/whenever-i-receive-an-email-while-pair-programming,http://i.imgur.com/O1LdP30.gif,3
52888200924,Debugging KVO issues,http://lifeofasoftwareengineer.tumblr.com/post/52888200924/debugging-kvo-issues,http://i.imgur.com/SgVsWvR.gif,1
52888077048,Debugging a workmate's project,http://lifeofasoftwareengineer.tumblr.com/post/52888077048/debugging-a-workmates-project,http://i.imgur.com/xrsj8JW.gif,7
45429281656,Trying to play it cool when a co-worker brings up a bug in your code,http://lifeofasoftwareengineer.tumblr.com/post/45429281656/trying-to-play-it-cool-when-a-co-worker-brings-up,http://i.imgur.com/rJFIA57.gif,11
45428543376,Whenever you ask the senior engineer for a code review,http://lifeofasoftwareengineer.tumblr.com/post/45428543376/whenever-you-ask-the-senior-engineer-for-a-code,http://i.imgur.com/1n1A0.gif,5
45428175147,Whenever you work on another team's code,http://lifeofasoftwareengineer.tumblr.com/post/45428175147/whenever-you-work-on-another-teams-code,http://i.imgur.com/7tjK6xj.gif,2
44311563888,When you spot the problem immediately after you called your co-worker to look at it,http://lifeofasoftwareengineer.tumblr.com/post/44311563888/when-you-spot-the-problem-immediately-after-you,http://i.imgur.com/hMcGIDB.png.gif,5
44311077098,When I see braces on the wrong line,http://lifeofasoftwareengineer.tumblr.com/post/44311077098/when-i-see-braces-on-the-wrong-line,http://i.imgur.com/xUIKH.gif,1
44307512425,"When a developer gets called out for being ""pixel perfect""",http://lifeofasoftwareengineer.tumblr.com/post/44307512425/when-a-developer-gets-called-out-for-being-pixel,http://i.imgur.com/zEf2PTL.gif,2
44227882593,Reaction of most sysadmins when you ask not to have servers taken down for maintenance during peak hours,http://lifeofasoftwareengineer.tumblr.com/post/44227882593/reaction-of-most-sysadmins-when-you-ask-not-to,https://68.media.tumblr.com/tumblr_mbworgzKeI1r4969yo1_400.gif?goback=%2Egde_4657594_member_177218289,2
44223584225,Looking for memory leaks,http://lifeofasoftwareengineer.tumblr.com/post/44223584225/looking-for-memory-leaks,http://i.imgur.com/quAWFP4.gif,7
43987370699,Coming to work on Mondays and realizing that freshly installed product isn't working in the production.,http://lifeofasoftwareengineer.tumblr.com/post/43987370699/coming-to-work-on-mondays-and-realizing-that,http://i.imgur.com/u6VC7.gif,4
43410498801,Every day at lunch,http://lifeofasoftwareengineer.tumblr.com/post/43410498801/every-day-at-lunch,http://i.imgur.com/E74z83T.gif,2
43361886760,Hate it when this happens,http://lifeofasoftwareengineer.tumblr.com/post/43361886760/hate-it-when-this-happens,https://dl.dropbox.com/u/113994/silly/programming/eqDAc.jpg,5
43361680366,True facts (working with a new technology),http://lifeofasoftwareengineer.tumblr.com/post/43361680366/true-facts-working-with-a-new-technology,https://dl.dropbox.com/u/113994/silly/programming/400px-Gartner_Hype_Cycle.svg.png,1
43361099771,Some sponsors,http://lifeofasoftwareengineer.tumblr.com/post/43361099771/some-sponsors,https://dl.dropbox.com/u/113994/silly/then-i-told-them-i-wanted-to-increase-scope.png,2
43360881427,"When you do a ""git reset --hard"" to the wrong hash",http://lifeofasoftwareengineer.tumblr.com/post/43360881427/when-you-do-a-git-reset-hard-to-the-wrong-hash,https://dl.dropbox.com/u/113994/silly/gifs/526357C1499A7BCB67E1633197064.gif,1
43360582175,When someone reply-alls to a mass email,http://lifeofasoftwareengineer.tumblr.com/post/43360582175/when-someone-reply-alls-to-a-mass-email,https://dl.dropbox.com/u/113994/silly/gifs/7172012053449workingattheoffice%202.gif,1
43360420592,When you've been working with Hibernate mappings for too long,http://lifeofasoftwareengineer.tumblr.com/post/43360420592/when-youve-been-working-with-hibernate-mappings,https://dl.dropbox.com/u/113994/silly/gifs/BhP5ZFj%202.gif,0
43332898439,When I show to my boss that I have fixed a bug,http://lifeofasoftwareengineer.tumblr.com/post/43332898439/when-i-show-to-my-boss-that-i-have-fixed-a-bug,http://i.imgur.com/9HIsYjh.jpg,14
41288019235,After pressing the compile button,http://lifeofasoftwareengineer.tumblr.com/post/41288019235/after-pressing-the-compile-button,http://i.imgur.com/2Gbgi.gif,30
41287863868,Seeing FIXMEs in comments without a bug ticket,http://lifeofasoftwareengineer.tumblr.com/post/41287863868/seeing-fixmes-in-comments-without-a-bug-ticket,http://i.imgur.com/mIEYZao.gif,2
41287784466,Watching the static analyzer,http://lifeofasoftwareengineer.tumblr.com/post/41287784466/watching-the-static-analyzer,http://i.imgur.com/GwMQkyF.gif,3
41287692377,Whenever you get a code review from /that/ guy,http://lifeofasoftwareengineer.tumblr.com/post/41287692377/whenever-you-get-a-code-review-from-that-guy,http://i.imgur.com/8Q8QiEx.gif,0
41287611202,Merging with top of tree after a week,http://lifeofasoftwareengineer.tumblr.com/post/41287611202/merging-with-top-of-tree-after-a-week,http://i.imgur.com/N9EXFTs.gif,0
41287442049,When your roommates fix your hours long problem in 5 minutes,http://lifeofasoftwareengineer.tumblr.com/post/41287442049/when-your-roommates-fix-your-hours-long-problem-in,http://f.cl.ly/items/1b1l2S1I3k17291a1e2g/I%20love%20you%20marshel.jpg,2
40533804114,Pressing the compile button after a massive refactoring,http://lifeofasoftwareengineer.tumblr.com/post/40533804114/pressing-the-compile-button-after-a-massive,http://www.gifsforum.com/images/gif/cool%20gifs/grand/91082421.gif,5
40502573825,Whenever I have to do complex math in a method,http://lifeofasoftwareengineer.tumblr.com/post/40502573825/whenever-i-have-to-do-complex-math-in-a-method,http://i.imgur.com/CmuiP.gif,3
40502056891,"""Well, we could throw everything out and start over""",http://lifeofasoftwareengineer.tumblr.com/post/40502056891/well-we-could-throw-everything-out-and-start,http://i.imgur.com/U35Ql.gif,0
40501790380,Landing the patch,http://lifeofasoftwareengineer.tumblr.com/post/40501790380/landing-the-patch,http://i.imgur.com/h8Gkv.gif,0
40501764030,When you see stringly typed functions parsing their arguments,http://lifeofasoftwareengineer.tumblr.com/post/40501764030/when-you-see-stringly-typed-functions-parsing,http://i.imgur.com/vse9L.gif,2
40501658757,Submitting your resume for your first job,http://lifeofasoftwareengineer.tumblr.com/post/40501658757/submitting-your-resume-for-your-first-job,http://i.imgur.com/nZgTE.gif,10
40501620220,Last code review of the day,http://lifeofasoftwareengineer.tumblr.com/post/40501620220/last-code-review-of-the-day,http://i.imgur.com/ZYAqZ.jpg,2
39448502749,A few days before the milestone,http://lifeofasoftwareengineer.tumblr.com/post/39448502749/a-few-days-before-the-milestone,https://dl.dropbox.com/u/113994/silly/shits-fucked.jpg,2
39448263402,UI Design Discussions,http://lifeofasoftwareengineer.tumblr.com/post/39448263402/ui-design-discussions,http://i.imgur.com/mdX23.gif,9
39448187775,Happy New Year,http://lifeofasoftwareengineer.tumblr.com/post/39448187775/happy-new-year,,1
39447277021,"""Nailed it!""",http://lifeofasoftwareengineer.tumblr.com/post/39447277021/nailed-it,https://dl.dropbox.com/u/113994/silly/gifs/g8CA5.gif,10
39447092911,Whenever I make a test pass using a mock object,http://lifeofasoftwareengineer.tumblr.com/post/39447092911/whenever-i-make-a-test-pass-using-a-mock-object,https://dl.dropbox.com/u/113994/silly/dr-evil-laugh.png,0
39447040856,When you accidentally clean and have to rebuild the entire project,http://lifeofasoftwareengineer.tumblr.com/post/39447040856/when-you-accidentally-clean-and-have-to-rebuild,https://dl.dropbox.com/u/113994/silly/gifs/6hcK9.gif,0
39446872285,Code reviews gone physical,http://lifeofasoftwareengineer.tumblr.com/post/39446872285/code-reviews-gone-physical,https://dl.dropbox.com/u/113994/silly/gifs/kI5AG.gif,1
39446757942,Spotting an unnecessary singleton,http://lifeofasoftwareengineer.tumblr.com/post/39446757942/spotting-an-unnecessary-singleton,https://dl.dropbox.com/u/113994/silly/gifs/1357060530091.gif,1
39446594748,First attempts at multithreading/concurrency,http://lifeofasoftwareengineer.tumblr.com/post/39446594748/first-attempts-at-multithreadingconcurrency,https://dl.dropbox.com/u/113994/silly/what-do-you-do-now.png,3
39446264275,Whenever I don't sanitize form inputs,http://lifeofasoftwareengineer.tumblr.com/post/39446264275/whenever-i-dont-sanitize-form-inputs,https://dl.dropbox.com/u/113994/silly/QzUyh.png.jpeg,4
39446201276,The build,http://lifeofasoftwareengineer.tumblr.com/post/39446201276/the-build,https://dl.dropbox.com/u/113994/silly/9YzDD.jpg,1
39446083897,During postmortems,http://lifeofasoftwareengineer.tumblr.com/post/39446083897/during-postmortems,http://i.imgur.com/oVBEm.gif,9
37634535769,When you're product owner hasn't prepared the next sprint,http://lifeofasoftwareengineer.tumblr.com/post/37634535769/when-youre-product-owner-hasnt-prepared-the-next,http://forgif.me/system/image/2202/image.gif,0
37587130105,"When I hear the word ""Global""",http://lifeofasoftwareengineer.tumblr.com/post/37587130105/when-i-hear-the-word-global,http://forgif.me/system/image/2655/image.gif,5
37587095323,When you've accidentally deleted a file and you realize you can't restore it cause you forgot to commit,http://lifeofasoftwareengineer.tumblr.com/post/37587095323/when-youve-accidentally-deleted-a-file-and-you,http://forgif.me/system/image/2267/image.gif,4
37586981188,When you're already working on three projects and your boss gives you another one,http://lifeofasoftwareengineer.tumblr.com/post/37586981188/when-youre-already-working-on-three-projects-and,http://forgif.me/system/image/2298/image.gif,1
37586801099,When you get a new project and you're allowed to choose the framework/technology,http://lifeofasoftwareengineer.tumblr.com/post/37586801099/when-you-get-a-new-project-and-youre-allowed-to,http://forgif.me/system/image/2301/image.gif,4
37586741199,When the CS department teaches design patterns,http://lifeofasoftwareengineer.tumblr.com/post/37586741199/when-the-cs-department-teaches-design-patterns,http://i.imgur.com/1GLi1.gif,2
37586719250,After my SCM auto-merges something I didn't expect it too,http://lifeofasoftwareengineer.tumblr.com/post/37586719250/after-my-scm-auto-merges-something-i-didnt-expect,http://i.imgur.com/LrOvm.gif,0
37586699077,Starting a Rails project,http://lifeofasoftwareengineer.tumblr.com/post/37586699077/starting-a-rails-project,http://i.imgur.com/cXbHK.gif,1
37586611496,When the project finally gets released,http://lifeofasoftwareengineer.tumblr.com/post/37586611496/when-the-project-finally-gets-released,https://68.media.tumblr.com/tumblr_m30gxdKvty1roplrn.gif,1
34675515617,Whenever I get conflicting requirements,http://lifeofasoftwareengineer.tumblr.com/post/34675515617/whenever-i-get-conflicting-requirements,https://dl.dropbox.com/u/113994/silly/gifs/icUeI9CsnVXAO.gif,7
34675399021,"Forgetting to clean the build after wondering ""Why doesn't this work!?""",http://lifeofasoftwareengineer.tumblr.com/post/34675399021/forgetting-to-clean-the-build-after-wondering-why,https://dl.dropbox.com/u/113994/silly/gifs/facepalm-o.gif,0
34675254045,Getting a build failure email,http://lifeofasoftwareengineer.tumblr.com/post/34675254045/getting-a-build-failure-email,https://dl.dropbox.com/u/113994/silly/gifs/JwXe1.gif,2
34675205873,When I'm totally 100% sure I fixed a bug so I post it immediately for review,http://lifeofasoftwareengineer.tumblr.com/post/34675205873/when-im-totally-100-sure-i-fixed-a-bug-so-i-post,https://dl.dropbox.com/u/113994/silly/gifs/there-i-fixed-it-fan.gif,6
34674805607,When someone proposes using a singleton,http://lifeofasoftwareengineer.tumblr.com/post/34674805607/when-someone-proposes-using-a-singleton,https://dl.dropbox.com/u/113994/silly/gifs/ETW67.gif,4
34674750378,Three months into the job,http://lifeofasoftwareengineer.tumblr.com/post/34674750378/three-months-into-the-job,https://dl.dropbox.com/u/113994/silly/gifs/e1pmi.gif,3
34674652658,Whenever I try to explain what I do,http://lifeofasoftwareengineer.tumblr.com/post/34674652658/whenever-i-try-to-explain-what-i-do,https://dl.dropbox.com/u/113994/silly/gifs/tumblr_ma1weyNKgK1qdky3k.gif,1
34674470089,Monday mornings,http://lifeofasoftwareengineer.tumblr.com/post/34674470089/monday-mornings,https://dl.dropbox.com/u/113994/silly/gifs/tumblr_lvgc4jNcxE1qarpjj.gif,2
34674310383,When the lead developer complains about his hours,http://lifeofasoftwareengineer.tumblr.com/post/34674310383/when-the-lead-developer-complains-about-his-hours,https://dl.dropbox.com/u/113994/silly/gifs/RsI9t.gif,4
33439240137,Fixing the bug you wrote,http://lifeofasoftwareengineer.tumblr.com/post/33439240137/fixing-the-bug-you-wrote,https://dl.dropbox.com/u/113994/silly/gifs/revenge-water.gif,2
33439159351,Sending a chunky bug to another team,http://lifeofasoftwareengineer.tumblr.com/post/33439159351/sending-a-chunky-bug-to-another-team,https://dl.dropbox.com/u/113994/silly/gifs/revenge-water.gif,2
32889624370,Whenever anyone tries to change the xcodeproj while I'm working on it,http://lifeofasoftwareengineer.tumblr.com/post/32889624370/whenever-anyone-tries-to-change-the-xcodeproj,https://dl.dropbox.com/u/113994/silly/gifs/road-rage-gun.gif,1
32874324959,Hitting the build button after a massive refactoring,http://lifeofasoftwareengineer.tumblr.com/post/32874324959/hitting-the-build-button-after-a-massive,https://dl.dropbox.com/u/113994/silly/gifs/fBYCS.gif,1
31487082495,Hitting the build button after a massive refactoring,http://lifeofasoftwareengineer.tumblr.com/post/31487082495/credit-paul-cassidy,http://i.imgur.com/wW7or.jpg,1
31466748658,Committing binaries to the repo,http://lifeofasoftwareengineer.tumblr.com/post/31466748658/committing-binaries-to-the-repo,https://dl.dropbox.com/u/113994/silly/gifs/CNWiC.gif,1
31466631968,Architecture meetings,http://lifeofasoftwareengineer.tumblr.com/post/31466631968/architecture-meetings,https://dl.dropbox.com/u/113994/silly/gifs/funny-gifs-rip-river-phoenix.gif,0
31466623537,Working with a new codebase,http://lifeofasoftwareengineer.tumblr.com/post/31466623537/working-with-a-new-codebase,https://dl.dropbox.com/u/113994/silly/gifs/tumblr_m4ci9w80gG1rqfrkqo1_250.gif,2
31466614708,How I hope things go when I suggest a design change,http://lifeofasoftwareengineer.tumblr.com/post/31466614708/how-i-hope-things-go-when-i-suggest-a-design,https://dl.dropbox.com/u/113994/silly/gifs/meeting-at-work-1.gif,0
31466317945,When asked to review a teammate's code,http://lifeofasoftwareengineer.tumblr.com/post/31466317945/when-asked-to-review-a-teammates-code,http://i.imgur.com/YdNwX.gif,0
31000610513,When I push the huge changes to the API and break the build,http://lifeofasoftwareengineer.tumblr.com/post/31000610513/when-i-push-the-huge-changes-to-the-api-and-break,http://i.imgur.com/IG0Oy.gif,0
30498928354,When I break the build,http://lifeofasoftwareengineer.tumblr.com/post/30498928354/when-i-break-the-build,http://i.imgur.com/AtJcM.gif,2
30433942206,Interactions with most EPMs,http://lifeofasoftwareengineer.tumblr.com/post/30433942206/interactions-with-most-epms,https://dl.dropbox.com/u/113994/silly/gifs/SRSQc.gif,0
30433863239,Towards the end of a release,http://lifeofasoftwareengineer.tumblr.com/post/30433863239/towards-the-end-of-a-release,https://dl.dropbox.com/u/113994/silly/gifs/tumblr_lx74rel3A61qiimtfo1_500.gif,1
30433831567,When I hear my name called down the hallway,http://lifeofasoftwareengineer.tumblr.com/post/30433831567/when-i-hear-my-name-called-down-the-hallway,https://dl.dropbox.com/u/113994/silly/gifs/funny-gifs-when-someone-mentions-a-fandom-i-love.gif,1
30423645880,"When an email says ""free lunch""",http://lifeofasoftwareengineer.tumblr.com/post/30423645880/when-an-email-says-free-lunch,https://dl.dropbox.com/u/113994/silly/gifs/tumblr_m7w1tc0hTk1rnvwt1.gif,2
30423565203,Suppressing the need to refactor code while fixing an unrelated bug,http://lifeofasoftwareengineer.tumblr.com/post/30423565203/suppressing-the-need-to-refactor-code-while-fixing,https://dl.dropbox.com/u/113994/silly/gifs/tumblr_m5eguuChNc1qzakpfo1_250.gif,1
30421511352,When I try to learn the new lingo on the job,http://lifeofasoftwareengineer.tumblr.com/post/30421511352/when-i-try-to-learn-the-new-lingo-on-the-job,https://dl.dropbox.com/u/113994/silly/gifs/tumblr_m3lar14Nc71r1zdtdo1_500.gif,0
30341352022,Finding out a coworker didn't comment anything,http://lifeofasoftwareengineer.tumblr.com/post/30341352022/finding-out-a-coworker-didnt-comment-anything,http://i.imgur.com/qIcpS.gif,2
30340701219,Three hours after a release and nothing has gone wrong yet,http://lifeofasoftwareengineer.tumblr.com/post/30340701219/three-hours-after-a-release-and-nothing-has-gone,http://i.imgur.com/ibmW1.gif,4
30340683493,Dragging myself to *another* meeting,http://lifeofasoftwareengineer.tumblr.com/post/30340683493/dragging-myself-to-another-meeting,http://i.imgur.com/6Uh8d.gif,2
30340581255,When you find *that* segfault,http://lifeofasoftwareengineer.tumblr.com/post/30340581255/when-you-find-that-segfault,https://dl.dropbox.com/u/113994/silly/gifs/firefly-vindicated.gif,0
30340500876,Pushing to trunk,http://lifeofasoftwareengineer.tumblr.com/post/30340500876/pushing-to-trunk,https://dl.dropbox.com/u/113994/silly/gifs/star-wars-alderaan-destruction-deathstar.gif,0
30340405057,When I get a code review from the senior engineer,http://lifeofasoftwareengineer.tumblr.com/post/30340405057/when-i-get-a-code-review-from-the-senior-engineer,https://dl.dropbox.com/u/113994/silly/gifs/0Jifq.gif,5
30340311445,Project managers setting a release date,http://lifeofasoftwareengineer.tumblr.com/post/30340311445/project-managers-setting-a-release-date,https://dl.dropbox.com/u/113994/silly/gifs/is-such-a-thing-even-possible-yes-it-is.gif,3
30339959567,When I come up with the right solution the wrong way,http://lifeofasoftwareengineer.tumblr.com/post/30339959567/when-i-come-up-with-the-right-solution-the-wrong,https://dl.dropbox.com/u/113994/silly/gifs/319539_o.gif,4
30339917774,When someone has a question in my speciality,http://lifeofasoftwareengineer.tumblr.com/post/30339917774/when-someone-has-a-question-in-my-speciality,http://i.imgur.com/HHS4D.gif,5
30339870273,Whenever I try to contact IT,http://lifeofasoftwareengineer.tumblr.com/post/30339870273/whenever-i-try-to-contact-it,https://dl.dropbox.com/u/113994/silly/gifs/hideseek.gif,3
30339700622,As I slowly wade into a terrible codebase,http://lifeofasoftwareengineer.tumblr.com/post/30339700622/as-i-slowly-wade-into-a-terrible-codebase,http://i.imgur.com/5p7xB.gif,4
30039747425,After a fire alarm at a software company,http://lifeofasoftwareengineer.tumblr.com/post/30039747425/after-a-fire-alarm-at-a-software-company,http://i.imgur.com/QIWjj.gif,1
30039735529,When I'm forced to maintain legacy code,http://lifeofasoftwareengineer.tumblr.com/post/30039735529/when-im-forced-to-maintain-legacy-code,http://i.imgur.com/JuSaj.gif,3
30039641763,When I'm told a problem is unsolvable,http://lifeofasoftwareengineer.tumblr.com/post/30039641763/when-im-told-a-problem-is-unsolvable,http://i.imgur.com/nKjtu.gif,0
30035364025,When a deadline is looming and you finish just in time,http://lifeofasoftwareengineer.tumblr.com/post/30035364025/when-a-deadline-is-looming-and-you-finish-just-in,http://i.imgur.com/n450q.gif,0
30035189162,You first time breaking the build.,http://lifeofasoftwareengineer.tumblr.com/post/30035189162/you-first-time-breaking-the-build,http://www.frodobooth.com/wp-content/uploads/2012/05/tumblr_m321tl0hXV1qdlh1io1_400.gif,2
30035169788,When I fix a bug I added before anyone else finds out,http://lifeofasoftwareengineer.tumblr.com/post/30035169788/when-i-fix-a-bug-i-added-before-anyone-else-finds,http://i.imgur.com/Dt95U.gif,6
30035160894,How I feel when I finish the requirements doc for a new project,http://lifeofasoftwareengineer.tumblr.com/post/30035160894/how-i-feel-when-i-finish-the-requirements-doc-for,http://i.imgur.com/iUj1Q.gif,2
29921132751,Whenever I get an email from Jenkins,http://lifeofasoftwareengineer.tumblr.com/post/29921132751/whenever-i-get-an-email-from-jenkins,https://dl.dropbox.com/u/113994/silly/gifs/conan-typing-omg.gif,1
27377173293,What it feels like when I read excessively verbose documentation,http://lifeofasoftwareengineer.tumblr.com/post/27377173293/what-it-feels-like-when-i-read-excessively-verbose,https://dl.dropbox.com/u/113994/silly/kI2ic.jpg,1
27376656544,Parenting level: Software Engineer,http://lifeofasoftwareengineer.tumblr.com/post/27376656544/parenting-level-software-engineer,https://dl.dropbox.com/u/113994/silly/gifs/sK9fV.png.gif,7
27376473719,Whenever I join a conference call,http://lifeofasoftwareengineer.tumblr.com/post/27376473719/whenever-i-join-a-conference-call,https://dl.dropbox.com/u/113994/silly/gifs/SJoYU.gif,2
27376380645,When the SQL query isn't working quite right...,http://lifeofasoftwareengineer.tumblr.com/post/27376380645/when-the-sql-query-isnt-working-quite-right,https://dl.dropbox.com/u/113994/silly/gifs/tumblr_m5vl6ypdqq1ro2d43.gif,0
27376283989,Defending code in a code review,http://lifeofasoftwareengineer.tumblr.com/post/27376283989/defending-code-in-a-code-review,https://dl.dropbox.com/u/113994/silly/gifs/tumblr_m65mffkMDq1ro2d43.gif,0
26593307407,Whenever I have to write anything with malloc in it,http://lifeofasoftwareengineer.tumblr.com/post/26593307407/whenever-i-have-to-write-anything-with-malloc-in,https://dl.dropbox.com/u/113994/silly/gifs/tumblr_m5ydij8nKi1r79k32.gif,0
26593220735,Java Updates,http://lifeofasoftwareengineer.tumblr.com/post/26593220735/java-updates,https://dl.dropbox.com/u/113994/silly/h91Jo.jpg,7
26593180549,When you accidentally overwrite that file you've been working on for the past hour,http://lifeofasoftwareengineer.tumblr.com/post/26593180549/when-you-accidentally-overwrite-that-file-youve,https://dl.dropbox.com/u/113994/silly/gifs/i2gWy.gif,4
26503773958,When GDB doesn't give me symbols,http://lifeofasoftwareengineer.tumblr.com/post/26503773958/when-gdb-doesnt-give-me-symbols,https://dl.dropbox.com/u/113994/silly/gifs/roer9.gif,0
26503366466,When you get the team you wanted,http://lifeofasoftwareengineer.tumblr.com/post/26503366466/when-you-get-the-team-you-wanted,http://i.imgur.com/JZoZK.gif,0
24424843880,Mock objects,http://lifeofasoftwareengineer.tumblr.com/post/24424843880/mock-objects,http://dl.dropbox.com/u/113994/silly/gifs/xpOdG.gif,1
24417475734,Debugging code you wrote last year,http://lifeofasoftwareengineer.tumblr.com/post/24417475734/debugging-code-you-wrote-last-year,https://dl.dropbox.com/u/113994/silly/gifs/VPHPu.gif,6
24417275583,After graduating,http://lifeofasoftwareengineer.tumblr.com/post/24417275583/after-graduating,https://dl.dropbox.com/u/113994/silly/gifs/now-what.gif,8
24416376768,When a co-worker fixes a bug for you,http://lifeofasoftwareengineer.tumblr.com/post/24416376768/when-a-co-worker-fixes-a-bug-for-you,http://i.imgur.com/lQIs6.gif,3
24416311663,The first time you badge into a restricted building,http://lifeofasoftwareengineer.tumblr.com/post/24416311663/the-first-time-you-badge-into-a-restricted,http://i.imgur.com/B0SFb.gif,4
24151325249,When a co-worker uses tables in an HTML page,http://lifeofasoftwareengineer.tumblr.com/post/24151325249/when-a-co-worker-uses-tables-in-an-html-page,http://i.imgur.com/kPBdo.gif,1
24151263398,Bringing up a bug found in production to your manager,http://lifeofasoftwareengineer.tumblr.com/post/24151263398/bringing-up-a-bug-found-in-production-to-your,http://i1258.photobucket.com/albums/ii534/LifeAsSE/batman-bomb-run-o.gif,4
23528950660,The creative process,http://lifeofasoftwareengineer.tumblr.com/post/23528950660/the-creative-process,http://dl.dropbox.com/u/113994/silly/iTOtm.jpg,1
23528934438,The checkin right before the build broke,http://lifeofasoftwareengineer.tumblr.com/post/23528934438/the-checkin-right-before-the-build-broke,http://dl.dropbox.com/u/113994/silly/naughty-memes-excuse-me-id-like-to-ask-you-a-few-questions.jpg,1
23528882637,My hard drive yesterday,http://lifeofasoftwareengineer.tumblr.com/post/23528882637/my-hard-drive-yesterday,http://dl.dropbox.com/u/113994/silly/yo-dawg-i-heard-you-like-macs.jpg,2
23528784083,A worthy skill,http://lifeofasoftwareengineer.tumblr.com/post/23528784083/a-worthy-skill,http://dl.dropbox.com/u/113994/silly/codingdrun62571.jpg,7
23528732948,The effects of caffeine,http://lifeofasoftwareengineer.tumblr.com/post/23528732948/the-effects-of-caffeine,http://dl.dropbox.com/u/113994/silly/effects-of-caffeine.jpg,0
23528653486,First day on the job with a new codebase,http://lifeofasoftwareengineer.tumblr.com/post/23528653486/first-day-on-the-job-with-a-new-codebase,http://dl.dropbox.com/u/113994/silly/homer-plant-buttons.jpg,2
23528579847,Scumbag Ctrl+C,http://lifeofasoftwareengineer.tumblr.com/post/23528579847/scumbag-ctrl-c,http://dl.dropbox.com/u/113994/silly/control-c-for-the-love-of-god-stop.png,1
23471063502,They guy who wrote the code you just spent four hours debugging,http://lifeofasoftwareengineer.tumblr.com/post/23471063502/they-guy-who-wrote-the-code-you-just-spent-four,http://i.imgur.com/J6Krw.gif,2
23467807126,When you're trying to clarify a requirement with a sponsor,http://lifeofasoftwareengineer.tumblr.com/post/23467807126/when-youre-trying-to-clarify-a-requirement-with-a,http://dl.dropbox.com/u/113994/silly/gifs/yes-no.gif,2
23467751103,During presentation rehearsals,http://lifeofasoftwareengineer.tumblr.com/post/23467751103/during-presentation-rehearsals,http://i.imgur.com/VcWOC.gif,0
23456647707,What every dev wishes they could do whenever scope creep happens ,http://lifeofasoftwareengineer.tumblr.com/post/23456647707/what-every-dev-wishes-they-could-do-whenever-scope,http://i.imgur.com/VhzOs.gif,2
23456534899,Turning in the final technical report,http://lifeofasoftwareengineer.tumblr.com/post/23456534899/turning-in-the-final-technical-report,http://i.imgur.com/goEcF.gif,3
23456410577,"When I hear ""COBOL"" during an interview",http://lifeofasoftwareengineer.tumblr.com/post/23456410577/when-i-hear-cobol-during-an-interview,http://i.imgur.com/hc6Jd.gif,0
23456280742,After the release,http://lifeofasoftwareengineer.tumblr.com/post/23456280742/after-the-release,http://i.imgur.com/snqIr.gif,0
23151130732,Ensuring cross-browser compatibility,http://lifeofasoftwareengineer.tumblr.com/post/23151130732/ensuring-cross-browser-compatibility,http://i.imgur.com/gZCHl.gif,2
23151052647,When you come across a hackey fix,http://lifeofasoftwareengineer.tumblr.com/post/23151052647/when-you-come-across-a-hackey-fix,http://dl.dropbox.com/u/113994/silly/looZc.jpg,2
23151001059,"Always, always what happens when you try to change code before a demo",http://lifeofasoftwareengineer.tumblr.com/post/23151001059/always-always-what-happens-when-you-try-to-change,http://dl.dropbox.com/u/113994/silly/immediately-regret.png,5
23150909515,I don't always test in IE...,http://lifeofasoftwareengineer.tumblr.com/post/23150909515/i-dont-always-test-in-ie,http://i.imgur.com/RyBsw.png,3
23148434387,Whenever I try beta software,http://lifeofasoftwareengineer.tumblr.com/post/23148434387/whenever-i-try-beta-software,http://i.imgur.com/U8hYJ.gif,2
23148311776,Refactoring,http://lifeofasoftwareengineer.tumblr.com/post/23148311776/refactoring,http://i.imgur.com/wGUTG.gif,2
23075658413,Temporary Hiatus!,http://lifeofasoftwareengineer.tumblr.com/post/23075658413/temporary-hiatus,http://i.imgur.com/fStEr.png,0
22956618713,When a production server goes down,http://lifeofasoftwareengineer.tumblr.com/post/22956618713/when-a-production-server-goes-down,http://i.imgur.com/PYW88.gif,10
22935136433,When your app crashes so hard it kills your computer,http://lifeofasoftwareengineer.tumblr.com/post/22935136433/when-your-app-crashes-so-hard-it-kills-your,http://i.imgur.com/BnhRo.gif,1
22935038887,Your teammates when they notice you checked binaries into SCM,http://lifeofasoftwareengineer.tumblr.com/post/22935038887/your-teammates-when-they-notice-you-checked,http://i.imgur.com/Cjy0D.gif,0
22934983167,When your co-worker pushes a massive changeset,http://lifeofasoftwareengineer.tumblr.com/post/22934983167/when-your-co-worker-pushes-a-massive-changeset,http://i.imgur.com/lrfkR.gif,0
22934876102,I don't always fart at my desk,http://lifeofasoftwareengineer.tumblr.com/post/22934876102/i-dont-always-fart-at-my-desk,http://dl.dropbox.com/u/113994/silly/farting-at-desk.jpg,2
22934840581,Bob Ross on bugs,http://lifeofasoftwareengineer.tumblr.com/post/22934840581/bob-ross-on-bugs,http://i.imgur.com/6uC1j.gif,2
22872996671,Working with legacy code,http://lifeofasoftwareengineer.tumblr.com/post/22872996671/working-with-legacy-code,http://i.imgur.com/d3JLc.gif,0
22856975851,Seeing LINQ for the first time,http://lifeofasoftwareengineer.tumblr.com/post/22856975851/seeing-linq-for-the-first-time,http://i.imgur.com/Jo8Ug.gif,0
22856846316,Opening code you wrote last year,http://lifeofasoftwareengineer.tumblr.com/post/22856846316/opening-code-you-wrote-last-year,http://i.imgur.com/ZzycM.gif,3
22856739570,The one line bug fix that takes you all day,http://lifeofasoftwareengineer.tumblr.com/post/22856739570/the-one-line-bug-fix-that-takes-you-all-day,http://i.imgur.com/A2FDd.gif,2
22856690310,When I'm refactoring,http://lifeofasoftwareengineer.tumblr.com/post/22856690310/when-im-refactoring,http://i.imgur.com/kDpBO.gif,15
22830108969,When you get build failure emails at night,http://lifeofasoftwareengineer.tumblr.com/post/22830108969/when-you-get-build-failure-emails-at-night,http://i1258.photobucket.com/albums/ii534/LifeAsSE/wake-up.gif,3
22829839381,Looking at Ruby on Rails for the first time,http://lifeofasoftwareengineer.tumblr.com/post/22829839381/looking-at-ruby-on-rails-for-the-first-time,http://i.imgur.com/Gs9zR.gif,0
22829811386,The night before it's due,http://lifeofasoftwareengineer.tumblr.com/post/22829811386/the-night-before-its-due,http://i1258.photobucket.com/albums/ii534/LifeAsSE/g6svgjpg.gif,1
22829580906,When an Oracle database is a requirement,http://lifeofasoftwareengineer.tumblr.com/post/22829580906/when-an-oracle-database-is-a-requirement,http://pleated-jeans.com/wp-content/uploads/2012/04/when-you-see-your-ex-at-a-party.gif,0
22809104059,When fifth years explain what senior project is like,http://lifeofasoftwareengineer.tumblr.com/post/22809104059/when-fifth-years-explain-what-senior-project-is,http://i45.tinypic.com/nesxvq.gif,0
22808921636,Design discussions,http://lifeofasoftwareengineer.tumblr.com/post/22808921636/design-discussions,http://i.imgur.com/JqHxI.gif,2
22781675182,After the Release,http://lifeofasoftwareengineer.tumblr.com/post/22781675182/after-the-release,http://i.imgur.com/F3Y3p.gif,1
22781377151,Giving Your Final Presentation,http://lifeofasoftwareengineer.tumblr.com/post/22781377151/giving-your-final-presentation,http://i.imgur.com/rdtHB.gif,0
22780775764,When sponsors increase your scope,http://lifeofasoftwareengineer.tumblr.com/post/22780775764/when-sponsors-increase-your-scope,http://i.imgur.com/3rv1D.gif,0
22780773537,When a design choice you made early in your project finally pays off,http://lifeofasoftwareengineer.tumblr.com/post/22780773537/when-a-design-choice-you-made-early-in-your,http://i.imgur.com/iRtPS.gif,2
22776773987,"When you hit the compile button after writing a pile of code and ""it all works""",http://lifeofasoftwareengineer.tumblr.com/post/22776773987/when-you-hit-the-compile-button-after-writing-a,http://i.imgur.com/DgRou.gif,1
22767159002,When sponsors decrease your scope,http://lifeofasoftwareengineer.tumblr.com/post/22767159002/when-sponsors-decrease-your-scope,http://i.imgur.com/VXZnA.gif,0
22763797804,When a teammate forgets to avoid a known bug during a demo,http://lifeofasoftwareengineer.tumblr.com/post/22763797804/when-a-teammate-forgets-to-avoid-a-known-bug,http://gifs.gifbin.com/1232903709_samuel%20l%20jackson%20-%20bad%20ass%20mofo.gif,1
22760337054,Requirements elicitation meetings,http://lifeofasoftwareengineer.tumblr.com/post/22760337054/requirements-elicitation-meetings,http://i.imgur.com/fMfDj.gif,0
22735207662,Professors during poster presentations,http://lifeofasoftwareengineer.tumblr.com/post/22735207662/professors-during-poster-presentations,https://68.media.tumblr.com/tumblr_m1ct5nOcZF1rn95k2o1_250.gif,1
22734833816,Many senior project code reviews,http://lifeofasoftwareengineer.tumblr.com/post/22734833816/many-senior-project-code-reviews,http://i.imgur.com/sEJL2.gif,0
22729147892,When procrastination has caught up to me,http://lifeofasoftwareengineer.tumblr.com/post/22729147892/when-procrastination-has-caught-up-to-me,https://68.media.tumblr.com/tumblr_lygljlKyda1r4zr2vo2_250.gif,1
22728957235,Stumbling across a race condition,http://lifeofasoftwareengineer.tumblr.com/post/22728957235/stumbling-across-a-race-condition,http://i1258.photobucket.com/albums/ii534/LifeAsSE/tray-comeback.gif,1
22728614488,When the sponsor tries to make last-minute changes,http://lifeofasoftwareengineer.tumblr.com/post/22728614488/when-the-sponsor-tries-to-make-last-minute-changes,http://i1258.photobucket.com/albums/ii534/LifeAsSE/hideseek.gif,0
22715834871,When a teammate talks about unimplemented reach features to a sponsor,http://lifeofasoftwareengineer.tumblr.com/post/22715834871/when-a-teammate-talks-about-unimplemented-reach,http://i.imgur.com/m6QSX.gif,0
22715419355,Twitter!,http://lifeofasoftwareengineer.tumblr.com/post/22715419355/twitter,,0
22714667634,When you find out a bug is in another team's court,http://lifeofasoftwareengineer.tumblr.com/post/22714667634/when-you-find-out-a-bug-is-in-another-teams-court,http://dl.dropbox.com/u/113994/silly/gifs/3OSVm.gif,1
22714641398,Looking at unit tests you wrote while drunk,http://lifeofasoftwareengineer.tumblr.com/post/22714641398/looking-at-unit-tests-you-wrote-while-drunk,http://i.imgur.com/b1h1U.gif,5
22706825089,When you fuzz test your app for the first time,http://lifeofasoftwareengineer.tumblr.com/post/22706825089/when-you-fuzz-test-your-app-for-the-first-time,http://i.imgur.com/JkMvT.gif,0
22706541761,Finding out you broke the build,http://lifeofasoftwareengineer.tumblr.com/post/22706541761/finding-out-you-broke-the-build,http://i.imgur.com/OOlWP.gif,0
22706123062,A few hours before the demo,http://lifeofasoftwareengineer.tumblr.com/post/22706123062/a-few-hours-before-the-demo,http://3.asset.soup.io/asset/2980/6051_c0f7.gif,0
22706016373,Talking to freshmen about their spare time,http://lifeofasoftwareengineer.tumblr.com/post/22706016373/talking-to-freshmen-about-their-spare-time,http://i.imgur.com/x9v3c.gif,0
22705990893,When the gunner throws you under a bus mid-presentation,http://lifeofasoftwareengineer.tumblr.com/post/22705990893/when-the-gunner-throws-you-under-a-bus,http://i.imgur.com/rwwCb.gif,0
22705889468,Presenting to the sponsor,http://lifeofasoftwareengineer.tumblr.com/post/22705889468/presenting-to-the-sponsor,http://i.imgur.com/NqfCY.gif,3
